puzzle,ans
有口亦难分诉,亚
笔上难写心中情,白
到此搁笔到此停,头
有情日后成双对,偕
无情日后难相逢,是
石榴花开慢慢红,成
冷水冲糖慢慢融,双
只要两人心不变,成
总有一天会相逢,对
就此搁笔就此停,不
石榴开花慢慢红,多
冰水冲糖慢慢溶,么
总有一日得相逢,你
笔上难写心上情,彼
无情以后难相逢,友
冷水冲糖慢慢溶,活
只有两人心不变,快
总有一天得相逢,乐
八兄弟同赏月,脱
白痴,保
半部春秋,秦
半导体,付
半个月,胖
半真半假,值
宝岛姑娘,始
闯王失马,门
边打边谈,订
不是男孩,姓
部位相反,陪
草木之中有一人,茶
草上飞,早
长期住医院,疚
乘人不备,乖
打断念头,心
添丁进口,可
春风吹又生,薪
春和秋都不热,秦
土上有竹林土下一寸金,等
兔儿头上戴顶帽满腹苦水无处申,冤
文武合一,斌
岂止百里挑一,皑
我没有他有天没有地有,也
小两口一条心,患
小人国,付
谢绝参观,企
休要丢人现眼,相
森林大火,焚
旭日东升,九
独留花下人有情却无心,倩
多一点就不准,淮
东洋兵,晖
儿女双全,好
二木不成林,相
二人手拉手钢丝绳上走,丛
二人土上蹲,坐
二山在一道猜出便错了,击
二十四小时,旧
饭没做熟,炊
飞蛾扑火,烛
一斤多一点,斥
十女同耕半边田,妻
十叁点,汁
十五天,胖
十六两多一点,斥
一木走过田中央,东
石头成堆,磊
水上人家,沪
说不叫说拿不叫拿,最
说出圆又圆写出是九点,丸
撕掉画皮,田
四撇一弯钩虫在肚中留,蜀
四面不透风里面刺骨寒,图
四面都是山山山接相连,田
四退八进一,曰
算命先生,仆
太阳出来了,旦
太阳西边下月亮东边挂,明
徒弟,们
云南大旱,真
提前出发,选
天旱,沙
田里雨後长青草,蕾
田中,十
同胞,捉
投稿,效
头是一腰是一尾是一其实不是一,三
打破框框发现人才,团
大口多一点,吠
大口加小口,固
大门开有客来先脱帽再进来,阁
大雨下在横山上,雪
十字架下三个人,来
十字对十字太阳对月亮,朝
十个哥哥,克
三人两口一匹马,验
三口重叠莫把品字猜,目
三张纸,顺
上下合,卡
上下串通,卡
上下难分,卡
久雷不雨,田
千言万语,够
千里姻缘一线牵,重
大人挑小人,夹
大丈夫不得出头,天
大有头中无心小全身,京
大雨落在横山上,雪
小姑娘,妙
不要讲话,吻
不讲理的人,地
中心一点口不见,卜
中秋夜乌云密布,胞
中国话,哗
互吻,吕
五十对耳朵,陌
五口之家外种一树,梧
六十不足八十有余,平
公而忘私,八
反比,北
天上无二合去一口家家都有,人
天天,昊
夫人何处去,二
太太,夫
太阳王,旺
太阳西边下月儿东边挂,明
太阳挂在树顶上,果
孔子登山,岳
有目共睹,者
心如刀刺,必
手不释卷,卷
手提包,抱
手无寸铁,控
文武两全,斌
方言,响
日加直不加点,神
日长月短左右战一正一反两边排,门
日复一日,昌
日落半林中,东
日落相残洗却凡心一点,秃
日落香残洗凡心一点,秃
月光照进门,闲
木字多一撇,禾
水上工程,汞
火尽炉冷平添意马心猿,驴
王小明耳朵很大今年十四岁读一心国小,听
王先生坐在石头上,碧
王昭君仰首看斜月云天吊亡魂,望
付出爱心,受
有心得志,士
有手怀抱里有脚想溜掉有火点就跑,包
兄有债,歌
出一半有何不可,仙
出自幽谷迁於乔木,呆
半出半进,崔
半个人,伴
半个月亮,胖
半推半就,掠
去了上半截有了下半截比成两半截又无下半截,熊
古时候的月亮,胡
司马中原,魂
只是近黄昏,酱
四山纵横两日稠缪富由他起脚累是他领头,田
四川的狗,独
四面都是山山山皆相连,田
失其心也,共
左有十八右有十八二四得八一八得八,梵
打开门有客来先脱帽再脱衣,阁
正月无初一,肯
正字少一横不作止字猜,步
田里雨后长青草,蕾
甲乙丙丁戊己庚辛壬癸,旱
白头谐老,舌
目字加两点别做贝字猜,贺
伊丽沙白,瑛
多一半,夕
画前画后费心思,田
如箭在弦,引
存心不善有口难言,亚
守门狗,戾
旭日不出,九
皇帝新衣,袭
一流水准,淮
石达开,研
拱猪入门,阂
格外大方,回
走出深闺人结识,佳
一千零一夜,歼
七十二小时,晶
需要一半留下一半,雷
一口咬住多半截,名
一月一日非今天,明
要一半扔一半,奶
综合门市,闹
不是冤家也碰头,硼
上气接下气,乞
四方来合作贡献大一点,器
贪前稍变就成穷,贫
半布春秋,秦
银川,泉
一来再来,冉
守门员,闪
有人偷车,输
酿酒之后隔日香,晒
半青半紫,素
自己,体
秀才翘尾巴,秃
重点支援大西北,头
身残心不残,息
床前明月光,旷
十八乘六,校
一勾心月伴三星,心
一撇一竖一点,压
八字头,学
千里挑一百里挑一,伯
群雁追舟,巡
四个人搬个木头,杰
一人,大
一人一张口口下长只手,拿
一人在内,肉
一人挑两小人,夹
一人腰上挂把弓,夷
一口吃掉牛尾巴,告
一口咬定,交
一大二小,奈
一斗米,料
一月七日,脂
一加一,王
一半儿,臼
一字十三点难在如何点,汁
一百减一,白
一夜又一夜,多
一个人搬两个土,佳
一个礼拜,旨
一家十一口,吉
一家有七口种田种一亩自己吃不够还养一条狗,兽
一根木棍吊个方箱一把梯子搭在中央,面
一只牛,生
一只狗四个口,器
一箭穿心,必
一点一横长一撇到南洋南洋有个人只有一寸长,府
一边是水一边是山,汕
一边是红一边是绿一边喜风一边喜雨,秋
七人八只眼,货
七人头上长了草,花
有两个动物一个在水里一个在山上,鲜
九十九,白
九只鸟,鸠
九号,旭
九辆车,轨
九点,丸
二八佳人,妙
二小姐,姿
二兄弟各自立,竞
人不在其位,立
人有他则变大,一
人我不分,俄
人都到了,倒
人无寸铁,控
人无信不立,言
八十八,米
刀出鞘,力
十一个读书人,仕
十二点,斗
十三点,汁
十五人,伞
十元买早餐八元买豆干,干
十月十日,萌
画时圆写时方有它暖没它凉,日
圆心着力,勋
而立之年独居川中,卅
看上去有两头牛其实一头也没有,年
话别之后弃前嫌,谦
作品别具一格,吕
左边一千不足右边一万有余,仿
左边十八右边十八总共六八四十八,校
左边三右边三十一立在正中间,非
左边来少两人右边往少两人,柱
左边看是权右边看是对正面看一看仅对两相连,树
左边不出头右边不出头不是不出头就是不出头,林
昨晚今晚明晚后晚,罗
昨日不可留,乍
罪该斩首,非
最后重逢,双
最后一点记心中,叉
嘴下留着八字胡,只
嘴,唧
足有一半,右
足须一月,却
足下不死我不得安,哦
足球手球排球,捉
足赤,镇
走在上边坐在下边挂在当中埋在两边,土
走麦城,翠
走到村前星已斜,述
纵横谈,计
纵横开合在人间,奔
总有一天出头日,春
总是玉关情,国
综合门市部不清静,闹
自已多心不发火刚一发火火气无,熄
自小在一起目前少联系,省
自我批评,记
自我当头不足取,叙
字到前头却普通,晋
着眼不到功绩半失掉,差
自述,语
庄稼欠收,秒
自大一点惹人厌,臭
再去一笔也是字,再
自家的照片,豫
自古有聚必有别,憩
自古不简单有人也有山山倒人挺立能顶半边天,妇
自传,记
着手略有转变,撂
一月照枝头双星悬天下,秋
啄木鸟,蚀
庄稼一片黄,锈
转业到田间,赤
专与人作对,传
专人负责,债
祝福,诘
柱子,亲
住房不足,仿
住的厦子露着天,夏
属猴的,伸
主见差一点,现
主动周到,国
竹落方三叶月斜恰半林,彩
竹高草低秋波里,算
竹到笔成,毛
猪仔,孩
猪增加出口,劾
猪跑了,逐
周末晚会,歹
猪马同槽,骇
周末谜会,唬
重山倒映月影随行,用
重逢,观
周末,口
种田大有可为,畸
只待双方心融洽才可将那情侣结,倩
只差两点,口
中医配方,知
中旬考上北大,奢
中午多云有雨,浒
直下上海,由
中间一长一短上下大小各别,奈
中外服装,衷
中国腾飞再谱新曲,曼
中国,玉
致癌食品,疝
治愈痱疹消虫灭蚊,斐
此字不难猜孔子猜三天请问是何字,晶
治疗将近两个月,谬
指示未到,羚
指东道西,诣
只只球儿落点刁,羽
只有姐妹与弟弟,歌
只有姐姐妹妹和弟弟,歌
只说一句,询
只可我负天下人,何
只差点点,口
只采取一半,楫
植树种草不落后,苯
植树造林,堡
植树节,直
植上树就变样,羊
值钱全靠这两点,金
直追前人,个
直到三门临海边,润
织女鹊桥会牛郎,规
半边有毛半无毛半边上山吃青草半边下水涌波涛,鲜
枝节纵横,权
正字少一横莫作止字猜,步
正月少初一,肯
正月初一已过,肯
正义一生为后代,斌
正是为了后代,武
正看並无头倒看亦无头,业
正和她在一起,嫣
正好二人,征
整理口供少一人,典
征服,裘
争先入川,色
枕畔泪分流,湘
真心相伴,慎
真丢人,直
针炙通经络,窜
这一张,题
这是其次,些
千个口,舌
太阳从地平面上升起来了,旦
这很好,雌
这半边看去是古文那半边看去是古人把中心抽掉就变成女人,做
折枝桂花献亲人,佳
一阴一阳一短一长一昼一夜合为一双,明
赵子龙名驰天下,会
找到一半,划
招手不见走来,超
仗势霸一方势必被铲除,便
掌上无污点,拍
掌,挛
张省长到第一线,引
站在一旁请不要说话,靖
站在前头,音
展望未来,着
斩草不除根,早
沾水就活,舌
砦门重映残边月,翩
宅前屋后,室
扎根务农,思
增加一周,同
曾经沧海难为水,滩
责任制就是好,匏
早退,选
早上勿来,易
栽树植林村村有份,木
运销海外,咄
早上晴,昌
运动会上都有它,云
有意无意两相离,有
远树两行山倒影孤舟一叶水横流,慧
岳父,仗
早上好,晏
早上班不迟到,环
赞扬责任制,匏
在党身边儿莫挂牵,躺
再见,扮
阅读欣赏,敦
月照台前比高低,能
远树两行山倒影,彗
远树两行山侧立扁舟一叶水平流,慧
再次谈判,燮
运动会上常领先,偿
跃上高峰夺标回,檩
越说越糊涂猜猜就清楚,谜
云遮月,育
月月不断有人来,佣
又到淮安,滩
有功有赏,勋
云长贵姓,联
愿天下有情人皆成眷属,答
遇火就明亮遇水就肮脏,虫
又逢十一,圣
月光半露风鞋边,霸
遇水则清遇水则明,登
又进村来,树
月落乌啼,鹃
远销海外,咄
冤枉,倔
有一点不准,淮
云破月来花影碎,能
月下论桑麻,谓
远树两排雪后挺,彗
叹一计不成方又生一计,译
余在山东,峨
月上枝头杜鹃鸣,棚
远看象头牛近看没有头,午
原籍上海,伸
原鸡,醋
园内荒芜怜冬眠,图
员字加个立猜起很吃力,赔
元璋称帝,珠
欲话无言听水流,活
狱中,言
异乡见明月念儿各西东,胤
因非多罪,四
此君没人性充当第三者揭其真面目比虫更冷血,它
玉鲛绢,帛
依人成双心多不智,禺
雨落枯海,霉
由此一直去一直去,昆
雨后山色浑如睡,雪
有人是他有口是你,尹
意志坚定,恐
雨后春笋,静
有人无人都是你,尔
由衷之言,憩
一字十一笔无横又无直学生问孔子孔子说无味,淡
衣服破了谁见谁忧愁,衰
一字十二点随你书上拣凭你好生员也要猜三年,斗
羽,袅
有气节才有生命活力,羊
用心就懂,董
倚阑干东君去也霎时间红日西沉灯闪闪人儿不见闷昏昏笑话无心,门
与党中央一条心,忠
瑜亮掌握中,炎
鱼肚,田
右邻左舍关系好,郑
又扎一针,铎
有样东西是个宝垃圾堆里能找到,土
有土能种米麦有水可养鱼虾有人不是你我有马能行天下,也
由字一竖写不直,曲
千口人预备不足,舒
有头缺只脚,右
有头没尾,尢
由左边出车,轴
一字十笔成没竖也没横皇帝见了它躬身把礼行,爹
有你的一半也有我的一半,伐
有人做伴,半
一走带千军,师
有吃有穿生活好,裕
有了恳切心还要主动点,琅
一字十八点,术
有点成河,准
一字生得奇共唱四出戏第一出霸王举鼎第二出王婆骂鸡第三出武松打虎第四出吴汉杀妻,捌
有刀能功,害
有错不认错,肴
桃花岛上桃花谢旧雨楼头旧雨游,枭
有错,肴
应推广公字当头,兴
一字生得恶头上两只眼身上六个口底下八字脚,典
游者停步,企
应推广两点,兴
引滦之水入津,栾
一字人人有晚上才开口,名
造反了的人,入
口里插针,中
一个儿子有一张嘴,西
两点中间一个人,火
一字七横六直世人少有人识有人去问刘备刘备去问孟德,曹
银行两侧,很
座中无人,庄
自大一点人讨厌,臭
一字不出头,未
宜下不宜上,且
草下双田有界线,薑
从上看一天干从下看干一天,旱
将二人扶上车,撵
阶前鹤舞月西移,娜
今出游来日吟赋了却兄台前后之意,子
看看在春秋之前其实在春秋之后,秦
口中一点不是日曰字,虽
千字头木字腰太阳出来往下照,香
左边有一只小虫子右边有两堆土,蛙
朋友一半,有
你有他有众人都有我却没有,人
残星三两点孤雁横空飞,六
两山相对又相连中有危峰插碧天,由
加一半减一半,喊
抛媚眼少女惹是非,声
春节前秋分后总念乡音,香
近亲结婚不可取之,新
旷野黄昏西日落两山相对有人家,庚
此字不难猜而且不分开,面
一人比两人高,众
两人排排坐扁担来托着,丛
你没有他有天没有地有,也
办法一点都没有,劫
人到五十方团聚,梧
一边绿一边红一边怕水一边怕虫,秋
立在两日旁反而没有光,暗
勾兑沽酒不搀水,酤
灯光前人相依问心事事却了,何
此字真是特别竟是一万多撇,厉
既有头又有尾中间生了四张嘴,申
桃共依旧笑春风,妩
所以负负得正,辛
岁岁除夕团聚,出
叔叔一只眼百事都爱管,督
首先存粮而后思,悉
昔日一去心无念,芩
谁闻美人声声唤翩然前来将门扣,户
十口之家户不满,居
上不在上下不在下人有它大天没它大,一
夫人走他也走,仁
值钱不值钱全在这两点,金
银盘玉镜两难分,用
残花弄影暗香来,乘
池里不见水地上不见泥,也
因为自大一点人人都要讨厌,臭
一字六笔无竖横同心同德力无穷,众
移左边到右边,利
欲话无言听流水,活
自有一日出头天,春
池中没有水地上没有泥,也
赤橙黄绿青兰紫,艳
黑笔写出白十字,亚
十载相思风雨间,澎
牛过独木桥,生
黄昏前后杜鹃鸣,腊
半是机遇半是缘,椽
匕首暗箭短矛与足下猜之,疑
此地景色佳依山傍水真迷人,汕
虫入凤巢飞去鸟,风
分开是三个合起来无数,众
前七月双月后五月单月,肖
加减乘除少一点,坟
一直一个样,栏
丝丝杨柳云天下,参
此字八横又八直若问孔子也不知,哑
眼看田上长青草,瞄
明月当空邀人共仰,昂
唤我水边住,涂
日月各西东,明
东西南北无弯路,置
一口咬掉牛尾巴,告
一中咬去多半截,名
花落人亡两不知,七
东西种梧桐南北栽杨柳,楞
草色连云人去住,荟
草下可藏人,荷
参差树木映朝阳,楂
边吃边喝边呤,品
文武双全不猜斌,刘
千少万多,仿
傍晚,晒
晴转阴有雨,清
一夜之间别样红,殊
用心改革内外结合,绸
新年之春,样
西湖明月下二人成双对,潜
天下无双,旦
水边人家,沪
依山而立,端
一叶孤舟沉水底两行归雁趁潮飞,怂
说唱表演,呓
水中赶路,衍
谁都没有休息,竿
一横一横又一横一竖一竖又一竖左一竖右一竖一竖一竖又一竖,带
十日水来,洵
山里处处栽塔松山间乡乡变了样,幽
山山拔地起,丛
日月一起来不作明字猜,胆
勤奋劳动都有他份儿,力
瞧左相右见上看下,目
一言未发,详
没有鬼魂,云
左边看去三十一右边看去一十三整个看去三百二十三,非
镜中人,入
西湖春色,清
私后终出丑,关
水源曲折山峰隐,丞
双雁落平沙,丛
一心要填补空白,息
要票才有,西
三位一体,王
三八之夜,萝
削去朽木加工就妙,巧
说起此字真别扭全家共有三十口皆因生育无计划难吐心中忧和愁,苦
蟋蟀大战,蚪
坤角青衣,姐
刀枪并列,划
一直两点两点一直,慎
左边加一是一千右边减一是一千,任
任你横冲直撞我要四面包围,田
上面正差一横下面少丢一点,步
千里之行始于足下,踵
一心只图翻身,总
双手一挥说声再见,拜
兔遁吴刚走嫦娥下凡尘,腔
左边一千少一些右边一万多一点,仿
有位叔叔一只眼大事小事都爱管,督
一心依赖实为惰,懒
左边缺点水右边满是水,冰
水天相连,汨
双木不成林,相
一字九横六直几个学生不知一块去问老师老师想了三日,晶
一心向上,忐
撇开本人集会散,雄
伊丽莎白,瑛
斩草除根,日
半字写下,干
一知半晓心计不少,智
出口服装,哀
壮士一去兮不复返,版
一直下去是上海,由
避乱江东度此生,活
山下幽兰一一开,兹
学子远去又见归来,觉
此字八横又八开十问孔子也不知,哑
用米做酒只需一天,糟
一人一口一只手,拾
漠漠水田大雁飞,淄
守株待兔依南亩,榴
岁首到厂来劳动,岸
大力合作实地干,夯
莫等日落近黄昏,暮
庭前残月相对映雁阵一行垂柳上,廖
百无一失,白
上山下厂参加劳动,岸
一头牛,生
东西南北一条心,愣
颠倒之后名列前茅,由
吴头楚尾落花无泪,路
时到日落人方归,付
神州念一统两地岂可分,鞋
画中悬玉兔笔底洒流星,腮
后半段先写前半段后写,豆
好象不为自己其实虚情假意,伪
来人正是蓬莱客,山
家中无点米佳人愿意来,屡
良又少一点,艰
有你有他唯独没有自己,从
翼王之死,碎
请勿入口,囫
乘人不在,乖
无角牛登上没峰山,击
水满金山闹盈盈吓得许仙不象人白蛇娘娘当中坐小青立在下面听,源
夏日消融,者
树在台下栽不是困杏呆,束
是非除去后倾心两相伴,陛
八个蚂蚁抬棍棍一个蚂蚁棍上捆,六
点点萤火照江边,淡
手足之情,捉
十方之普莫非王土,理
一字有五笔倒数总第一,末
不正之人走后门,们
多心就不好,亚
有吃有穿,裕
闭着嘴却在笑,哈
上下结合求一致,正
北弟兄四个一只手车上一坐急着走,撵
出丝店进米店因为有墙转个弯,继
人人开门红,简
百分之一吨,芹
八十多了一横六十少了一点,平
天生一个仙人洞实无仙人在,吴
植树,亲
心不着急靠边走,趋
鼠头虎尾,儿
上边一块田下边一条川三山头朝下二月紧相连,用
山乡水水乡山而今处处变了样,绿
一点一横两眼一瞪,六
蜀水横流,州
手续齐全,拴
是非之心人有之,介
秋收,火
水漕干涸,曹
一弯新月临窗前,穹
白头雄心向未来,侏
衰柳残荷,柯
视而不见,示
投石破水面少游得妙联,婆
兔眼如豆鼠爪短,孵
树影池边月,潸
时节近重阳,晶
搬弄是非,开
白面郎君,替
顶天立地,工
水调歌头,河
十月十日成一家,朝
求出正文形除非加直线,匪
提倡晚婚人人有份,日
十分用心细细想,忖
佛殿有佛无人拜,弗
分明有大小怎能划等号,夸
此字不奇怪芬芳又自在七人头上草大家都喜爱,花
数点星光梅枝疏,枚
水产门市部,衡
十二点方到,国
少儿节目六一来临,竟
一桅白帆挂两片三颗寒星映孤舟,患
月上始见残花影,背
不加口是一口加一口是九口,井
王大娘和白大娘挨肩坐在石头上,碧
存心不让出大门你说烦人不烦人,闷
树雄心,仅
一只虎,蝉
吃了大亏还受表扬,夸
时代最前列,倡
石化厂兜一圈,回
石出头不是右,岩
林字多一半,梦
头重脚轻,炭
儿子出世,甥
出工不出力,切
除虫夺高产,蚌
坐定左右无人,土
厂外河水绕厂流,疴
风帆重叠轻舟浪横,患
来信看一半体会已十分,谢
一张四方连,嚣
过去一寸进来一尺,迟
一去成千古,吏
欣闻廿年换旧貌,薪
要一半仍一半,奶
一心生一个,性
车旁站着喜旺嫂,辍
草堂,铺
一人一杆枪出征去打战,伐
草木之中有个人,茶
四点树下埋,杰
一语道破,吾
一有就要,耍
一衣带水国相邻,晔
曙光照首都,景
树头雁阵入画中,巢
上脚就射门说来并不难,易
干在前头谋利在后,刊
佛言不信,弗
三横三竖不新鲜孔子猜了两天半,旧
三横三竖能种红薯,田
山间望远树阵前寄相思,酆
入门无犬吠,问
俺家大人不在家,电
雁群低飞水田旁,淄
加了四点只有一点,占
妇女节双丰收打字一,彗
遗著,做
出门闺女,娃
山东有雨,鱼
上海没有一点雨,漏
庭前乱花草尽人影空,龙
十二点动身,迕
手把山扳倒,扫
入门尽是弹冠客,阁
瞪着眼睛瞧看看都不少,目
菜田浇水除草,潘
一只广锅炒黄豆铲穿锅子不会漏,必
不学无术,苞
山字尖对尖四口紧相连老王当中坐双日分两边,四
书香人家,闵
授艺有方,呓
十加十,茄
一一补足,是
金木水火,坎
夺去一半留一半,奋
加一点有四边,方
称霸四方结局可悲,噩
枫树无风旁边有位老公,松
上下一起烧热的受不了,炎
三个星期,昔
若教有口便哑且要无心作恶中间若没肚肠外面任生棱角,亚
居心不良,亚
一户一斤,所
狗仗人势,伏
心被刀割,必
赴汤蹈火,烫
没事的姑娘,娴
窗前乍见晚梅开,榨
一人涛头立一人水中翻,似
手持单刀一口,招
上下都是关云长,翁
有火腾空而起有口不能笑谈有衣能过三九有水很快就完,包
点晴能飞,乌
先人后已,俄
不信邪,魁
你我他,众
没心思,田
非正式协定,药
悲喜交集,志
杯中蛇影,弛
半生半熟,塾
半天江水落,左
烧着一半,烂
野径无人草丛生,茎
水乳交融,浮
十分高大,夺
十二寸,尽
生动有力,云
上下一致,卡
一人冒雨而来,儒
为非作歹一念间,薤
十五天半个月,胖
熙熙攘攘,侈
台上长草,苔
千里之行始足下,踵
千树万梨花开,楷
多出一半,岁
对方下午来,骂
断一半续一半接起来不再断,继
十分有权,树
上下空落,八
山水相连心贴心,凼
泼水节,发
两点天上来,关
身在树荫中,榭
上弦下弦星星点点,弱
一撇下面十一点,压
不足一旬,旭
瓣瓣残花落草中,昆
班前班后必带,瑟
败走麦城,翠
哥哥一半大猜可就错了,奇
东风齐努力一舟扬三帆,巡
善始善终一心到底,总
山东省阴有雨,霁
日日相聚亲密无间,田
烘云托月,育
孤儿不孤有人照顾,倪
勾心斗角曲折心肠,泓
倚山而立,端
斜依高楼伴春雨静听琴声,秦
妇女解放翻身向上,山
凤头虎尾,几
一人立正一人稍息,价
一横又一直不能猜作十,支
翠竹竞茂,静
次品剔出框框外,咨
春雨送人行,三
两根旗杆六个斗中间有路无人走,非
两层楼六间房两根烟囱一样长,曲
十分小心,忖
少头无尾,光
长期无雨,泛
还不走车来了,连
去一撇就没了,丢
记一半忘一半,忌
同心迎癸未点滴作奉献,善
私设公堂,型
说话有力,动
士气,恽
二十三加八十一,基
二人同行后不见店前不见村,俯
半对半对凑成一对,双
霸王进兵,翠
三水相连,淼
减去一个孤单一人加上一个成伙成群,从
一勾新月伴三星,心
一根棍子地上敲两只跳蚤左右跳,小
十对十,卉
身居村中,榭
人说多子为好我说少生为妙,女
牛之头虎之尾猜不着别多嘴,先
两划一大两划一小,秦
先先后后,告
不似春光胜似春光,铯
前前后后都要放在心上,总
旁若无人里应外合,俭
牛羊成群,羞
关云长刮骨疗伤,谬
个个见了笑,夭
一无所获,控
言出必行,若
千里来人会千金,委
一大一小一跑一跳一个食人一个吃草,骚
事事如意,恰
去掉偏见二字人才脱颖而出,规
报喜不报忧,诘
半屏山山外有山,崛
一错再错,爻
人要站好手要伸直,年
没有哥哥,歌
一胎喜得两千金,瓶
前前后后弄得好,善
提前一天超额,扶
左十八右十八国家建设需要它,林
一年三季总成章,散
荣辱半生归乡下,村
女儿泪两行,姚
年终岁尾不缺鱼米,鳞
人以食为天,良
缺一点良心,恳
苗根有变化,苦
门外长流水门里出太阳,涧
毛遂自荐,衙
翻来覆去破片儿没看头,鼎
人言不作信字猜,认
七嘴八舌,哆
扫平高家庄,崽
轻烟薄雾笼山峰,氙
仁智之乐,汕
破镜重圆,锺
乃正负之比耳,陛
明月出天上,旦
半堆成品,哉
巧断奇案,柯
前前后后,豆
两个老头白了头,箸
来的都是客全凭嘴一张,晒
一女染病神医难治,嫉
半点也没有,牛
两把牙刷都断了背靠背来墙上挂,非
重赏之下得千金,婴
落花时节,咐
两人力大冲破天,夫
一点一横二人相并划了十字没了性命,卒
黯然失色,音
日出不明,音
人活七十古来稀,哗
怒斩刁仆,心
念子心切子出游兮心何安,吟
前景喜人昂首前进,倡
破片儿翻来覆去没看头,鼎
十分先进,过
摄影入门,闪
一川横贯双峰倒影,带
一家一口,豪
一点一点落实,买
请君免言,蹲
恰象举头笑盈盈,兴
破格选拔大有人在,医
球边偶拾,弄
牛角上挂把刀,解
南方有一人身背两葫芦喜的是杨柳木怕的是洞庭湖,火
人手一口,拾
球王退位,求
巧夺天工,人
一个天上一个人间,筑
三光无日,腥
严守机密,谟
玉质不纯,硖
汝乃有心人,您
洒水冲净街心土,衍
人要有一点品格,器
前方后方一个样,吕
晴空朗月挂边陲,郎
前水复后水,淼
牛角上边来一刀,解
抛弃一点,弁
南冠草,卉
一水横川双峰倒影,滞
能说善讲,团
请您放下心,你
情节扣人,倩
千里之外有人家,驴
请勿尝,馍
清浊分流,蜻
千进一口,适
人人让座,庄
七十二家,究
你左我右,伐
南昌多云,昙
明月半露云脚下残花双落马蹄前,熊
一举未成,本
山里处处猪满圈,豳
三十六着,焚
秋后一户翻了番,煽
千里一线穿,重
七擒孟获,惩
戎马书生,斌
人需边上走,趁
秋波横送细语直传,罢
塞北千里,乖
人要虚心,化
桑榆暮景,梦
散会,云
一屋生春,闲
人在前头走,俞
三十出岁头,端
翩翩飞出栅栏去,扇
三人同行我最大,徐
全家罗袜起秋尘,迆
骑马可走,大
恰似披星带月人,炙
片刻即到,至
始乱终弃,升
平反归来,啬
人在草木中,茶
一万零一撇,厉
水经注,训
鸟窝,扇
你左我右争上篮,筏
门前握手客来脱帽,搁
一人分配四平方多点,器
不怕火,镇
人在天涯月如弓,胰
你半个我半个,筏
毛竹,笔
骐骥骅骝,驷
南柯皇帝,枉
每天一歌,曹
红娘子,姝
田上长青草细看不是草,苗
贝字减两点不作目字猜,资
两眼视力好,瞿
砍掉了石头,欠
三个十八盘,森
水光浮日出,滉
文章重复,够
市场无有店堂里有,口
十五日,胖
射入缺口,医
一人之命,叩
水上作业,汞
声响音量,贫
其丑无双,犄
宁波之行,通
男宾止步,妪
轩窗外小河旁炊烟袅袅,淄
上下同义不同样,变
三八集体,兰
立在最前头,音
实现大统一,天
人人有来往,主
扭转旧偏见,旦
那个不好,雌
恰似飞鸿踏雪泥,箸
宁波话,诵
高风亮节留人间,史
大火烧到耳朵边,耿
且将献之比羲之,琵
你丢人啦,尔
一斗多,斜
明是水少却说水多,泛
人人有奔头,夾
泥,堤
柳暗花明,树
一人得道,会
吾妻,肉
公尺,来
切莫大意,缌
囡,娲
名下无虚,嗔
十分体贴,射
十八相送泪两行,湘
湿柴,沐
一日千里人跃进,香
气管炎,氮
儒将,斌
内外一致,丙
缺一不成,丕
巧挖穷根,窍
人虽离休心一点没离,怵
美好开端,姜
人钻钱眼里势必违法纪,囚
屈指一算,擞
太平门,咄
功过各一半,边
未来展翅定腾飞,翔
蛇行,起
包龙图上场,黜
欲罢不能,四
刘邦闻之则喜刘备闻之则悲,翠
零头,雨
三级材,柄
看礼花,睬
明月照门来,閒
另有变动,加
莫下手,摹
两口人干什么,啥
怒潮,弛
扭转乾坤六十年,由
一女恰二十,妍
未移一笔保原状,本
末倒置,半
萝卜青菜各有所爱,呸
农药效果大,虻
两角钱,芬
里头有人,困
追根寻底,过
对影成三人,奏
人离休要荐才,材
包公上场,黜
霸王自刎,翠
把开源节流挂在心上,愿
谜格,唬
论鲁迅,调
两人争球一人倒勾,以
年纪八十八当家日日擦一日勿去擦全家要饿杀,米
年过古稀,佬
起诉无效,皓
弄去一半,弁
一去无消息,查
一口咬去多半截,名
老挂钩,考
来者不善,殡
由下面转弯,电
八人一口,谷
冒雨下田,雷
落草为王,弄
半耕半读,讲
异口同声,谐
落日余晖,晃
驴高栏低,骗
林字一半多,梦
木偶皇帝,琳
没恒心,亘
一人背张弓,夷
梅花林,麓
落花人独立微雨燕先飞,俩
仁至义尽,仪
曲目调正,曹
宝中宝,玉
老人船,艘
山下有了抽水泵,岩
离开半月,脑
穿门小径到堂前,常
尘土飞扬,小
一女力量大推倒一座山,妇
一来就有徒弟,帅
木偶皇后,琳
每天洗一澡,渣
一心建四化,总
居里夫人,姑
两千里,冯
旧了,阳
里根上台,云
开创新局面干字要当头,弄
木乃伊,居
三岔路口人分手,拱
北拒曹操东和孙权,蠲
业务一定放心上,恶
一见有学头,觉
陕西省,夹
阵前各方无一生,隆
置之于八卦山下,退
转眼黄昏舟自横,逻
字字看来皆是血,赦
月斜三更如一勾,乳
有意无心,音
赠款,锄
因小失大,口
欲要清谈请出去,淡
专车,转
岳父大人,仗
珠宝商,赎
月月亏空一定补,册
征稿,救
樱桃小嘴,如
二十一中又垫底,鞋
晨浴,渣
不必自小,尖
半硬半软,砍
丑而壮,犟
大人不在小人在,光
阴曹地府,块
村上鸡鸣,樽
白玉无瑕,皇
八九十,杂
望断南飞雁,全
听其马鸣当思念,嘶
朱批,赦
雨余山色浑如睡,雪
只盼一生为人正,企
主动一点,玉
原始森林,枯
不是男同学,姓
彼此各有一半,跛
原藉上海,伸
因非得罪,四
半打啤酒,河
二十一人小一点,恭
重放的鲜花,馥
打破常规,觉
呆头呆脑,吕
刀枪并举,划
月出惊山鸟,鹃
动嘴又出力,加
东部支援西部,陪
永跟党中央,咏
福建中部高温,烛
高温预报,谈
夫一日之变,春
一心服从转业,恶
居心不善,亚
春雨绵绵人去也,三
出点子见才华,桦
一生自力,六
爸爸的耶诞节,爷
夺标前后,奈
大于小于等于,互
反串花旦不化装,昔
风中依旧叶翻飞,蛞
分开以前是丈夫,食
点点新芽发枝头,米
大小两分开,奈
错过机会,枫
有手就打,丁
合意,恕
海狮顶球来一个,还
高高在上了,亨
俯首甘为孺子牛,件
我的心,悟
窗前落日梅枝疏,宴
初春飘雪寓平安,泰
残月孤灯,炙
针灸通经络,窜
复习,羽
一向出口大米,奥
一天走了一里路,量
疑是七星桥,它
成套底盘,盛
尘土飞杨,小
爹爹无大儿木兰无长兄,歌
一派冗言不得其实,亮
大火,炬
圆周,口
隐瞒错误就不对,爻
让学两点外出,字
圣旨,谛
注重生男,婢
此路不通,趾
一字生得巧四面八只脚,井
灯笼,炮
一去就猜着,申
弹丸之地,尘
指头触电,摩
野火烧不尽,荐
一个加一个,笳
赤子之心,一
不要太阳并不难,易
边走边干,赶
妇道人家,妒
风儿吐舌头,刮
住在黄金屋,锯
独为天下先,一
残寺破庙映清辉,脏
采桑田边,播
合在一起用,朋
傍晚的太阳,晒
心香飘失闻香无门,声
向左一直去,句
言及之而不言,韦
干字当头,半
丰收在望,稿
老头子,孝
份量不足,欣
火烧耳旁,耿
横山白茫茫,雪
集合号,韶
作揖,拿
大框加小框,固
错把火锅摆上桌,离
哥哥老是站着,竞
一斤高高的,丘
星星之歌,农
一边一点,卜
星出太阳落,生
一朝一夕,暮
挖西边补东边,扑
不是病也是病,痱
革命方略,令
大干大变,全
春游一日,夫
妇女地位起变化,妻
风丝雨点满地扬,飞
来到村中树苍挺,又
东施,妞
第一页,顽
一时缺十分,旦
拆西墙补东墙,扑
朝天子,现
拆了围墙,韦
东南西北共一心,愣
户口,启
寒山雁阵斜,侍
二大二小,秦
分别正是十二月,青
除夕来日蛤逢春,麦
出力乐悠悠,嘉
一心放牛,性
尽是缺点,尺
点点在心田,斗
画中清流悬钓钩,沌
湖边新月照台前,泓
二姑娘,姿
多写一笔才象样,栏
点心,口
一露头就长角,午
一撇划了三寸长,寿
冬眠,螅
斧头,父
一行雁阵放眼低两株桃杏映篱斜,樊
长江上游水位下降,汞
鼓掌,拿
断壁残垣,圭
东一个西一个,篱
大小二分开,奈
一张弓,弹
不翼而飞,丁
放眼唯有一孤帆,舰
各不相让,筝
哥哥一半大莫作可字猜,奇
猜着一半,睛
一手撑破天,扶
单身汉,合
一日入林,楂
地头蛇,壕
一日,旦
春节三日干在前头,金
废渣利用,泼
多一点就好,艮
一生执教,帅
繁花似锦,艳
共同复习,翕
何需杀人灭口,丁
孩子丢了,亥
一减一不是零,三
高空山山无云层,窟
浮桥水逝新月沉,学
一诗前改始放心,恃
走了一口还有一人走了一人还有一口,囚
好话,诘
扉,顽
二十七人,花
一曲高歌夕阳下,曹
从群众中来,佯
涧水流终日,门
一去就当元帅,师
诞辰,星
打破固有框框,十
春雨下田间,汁
一口咬破衣,衰
简直不像样,栏
夫人不在儿做伴,元
挂刀看斗牛始才放下心,懈
狗洞,突
各立门户,阁
二人顶三人,奏
兄弟姐妹,捉
和局,抨
海峡两边喜相逢,汕
四去八进一,曰
傻子,保
就是我,体
夜里十一点前后,孩
给一半留一半,细
波涛滚滚,皮
眼花缭乱,瞇
大错特错,爽
一钩残月伴叁星,心
大小一一俱全,尖
退潮,法
楚霸王乌江自刎,翠
老朋友,做
湖心岛上,舌
点睛能飞,鸟
江东二乔,娱
四边残缺,匹
闺女出门尚稚年,娃
黑狗不叫,默
裹脚,跑
流眼泪对流眼泪,器
举手就打合眼入梦,垂
既能说又能看,冒
不干了,摆
加字加两点别字办字猜,为
一尺一,寺
黑色土地,畜
丢掉一撇,去
大河没水小河干,哥
高头吃一叉下头挨一耙,斋
一来就是十天,句
一对明月完整无缺落在山下四分五裂,崩
海枯,每
一半白天一半晚上,明
残兵,乒
我在山东,峨
一对红,赫
湖中浮萍,苦
独生子,兀
连中三元,车
一来就是二,业
甲乙丙丁都不对,罪
断断续续,继
不咸不淡,哈
一借再借,欢
闻不用耳,门
昨天今天明天,晶
会说话的眼睛,冒
四个大山山对山四个大川川对川四个口字连环套四个嘴巴紧相连,田
有没有上边,月
左看三十一右看一十三左右一起看三百二十三,非
我有一条狗只管跟人走若要见到它除非六月有,伏
虽有十张口只有一颗心要想猜出来必须动脑筋,思
说话的技术,团
头上病情重身上三个洞如不及时治丢命葬山中,癌
摘掉穷帽子挖去穷根子,八
倒看八十九正看九十八,杂
口中有口难开口话没出口家中去,回
写下面,与
一见是鸡,西
远看一头牛近看没有头,午
一点水,求
是船不叫船只因缺半边,舟
一家加两点,戽
沉默不语,哈
甜一半辣一半,辞
八九不离十,杂
两人同去一人归,丙
变化,仑
一旦有心便能持久,恒
一共添两横,其
一出头就长角,午
骇人听闻,诡
一只狗真少有头上长了两个口,哭
二人下南昌,昊
长明灯,灸
两个动物并排站一个游泳一个吃草,鲜
存其心得其志,士
闺中少女,娃
左邻有衣无食右舍有食无衣两家团结互助马上足食丰衣,裕
查看结果杳无踪迹,一
鸡在水边,酒
一只小虫生得轻嘴巴长在天灵盖,虽
出东海入西山写时方画时圆,日
不关春夏秋,图
近朱者赤,赫
瓜熟蒂落,爪
古钱,错
上面一加一下面整二十,弄
炉火纯青,烂
哥哥不肯坐工作争着做,竞
六十天,朋
看起来圆又圆写出来是九点,丸
一点一横长一撇向西方并排两棵树栽在石头上,磨
洞中有洞孔中有孔,回
米饭太硬,沙
一头牛站在独木桥上,生
第四联,顶
口木不是呆不作杏字猜你若猜困字还没猜出来,束
我没有你有天没有地有,他
外面会说话里面飘雪花里外合起来,图
喝水就泻,写
一月大,肤
半粗半细,组
国外进口,国
一点一点大人人都有它,头
伯父隔壁没人住,白
左边九加九右边九十九左右合起来四季长青树,柏
一人一张嘴,合
小树一寸长,村
一字有千口人人都得有如果你不信请你张开口,舌
四个晚上,罗
有手有脚无法逃脱,捉
太阳照北京,景
二画大二画小,秦
和尚拜佛,拿
全家添一口,启
万语千言令人厌,够
唐老鸭退役,鸟
没有学头,子
月上有云,育
左边有水右边有刀中间藏着一个宝,测
有土能种庄稼有人不是你我有水能养鱼,也
只走一半,足
第二次握手,掰
林务大臣,棺
左边大右边小右边跳左边跑右边喝血左边吃草,骚
一字生的真奇怪太阳偏往土里埋土堆之上长青草一刀斜着劈下来,著
丰收,移
自言自语,记
有人入伍,五
空中飞人,会
软一半硬一半,砍
长篇大论,够
进水行不成,衍
内里有人,肉
有丝颜色鲜艳有手能抬起来有水翻动波浪有力能显成绩,工
下午一点,汁
看家狗,戾
正月没有初一,肯
鸡到村里鸟飞走了,树
掌门人,们
千古恨,跌
一半真一半假,值
水上码头,泵
女同学,姓
元首挂帅,师
半露笑脸,签
话说马年,许
左看马靠它右看它靠马两边一起看脚踩万里沙,驼
一飞就是一天,亘
输掉一辆车,俞
排在最前站在最左边,拉
有心记不住有眼看不见,亡
晴一半阴一半,明
两人土上谈心,坐
左点点右点点专用弓,弱
油醋混合半清醒,酒
听得其声是马鸣,嘶
左边一个太阳右边一个太阳站在太阳上反而不见光,暗
有火才能煮熟饭有水才能把田灌蚕儿吐丝一圈圈日头出来亮了天,尧
一马当先一往无前,驻
一半满一空,江
由上转下,甲
万绿从中一点红,株
判决无罪,皓
一大一小猜尖错了,奈
与我同行,衙
一字有四笔没横也没竖妈妈猜不着爸爸笑嘻嘻,父
学生学字,救
苗头不对,艾
死对头,生
上面小山下面才是山,岳
弄瓦之喜,姓
雨天没有阴天有田里没有湖里有河水没有潮水有,月
无头无尾一亩田,鱼
舌头没有了,古
开一半票提一半货,贾
明月升空海水退,晦
独生女,婵
一边大一边小一边会跑一会边跳会跳的吃人会跑的吃草,骚
上下一体,卡
言行一致,运
山上还有山小二藏下面,祟
大王头上有一人,全
一个人靠在木头上休息,休
果断有力,男
两点水,冰
枫林风光,森
旁边又来一匹马,驭
头戴一顶帽忠诚又可靠,实
旱一半涝一半,汗
哑巴有聋子无跛子有麻子无和尚有道士无,口
男儿国,妩
和尚的手势,掌
一家四口来合作贡献大一点,器
硕果累累,夥
拱手让人,共
青一块紫一块,素
挥手告别,军
老大老二和老三兄弟三个叠罗汉老大踩着老二头老三站在最下边,奈
你有我没有花有草没有,人
左边缺一半右边空一半,缸
何可废也以羊易之,佯
点滴积累方有为,力
措手不及,昔
看着像牛却是马,午
不是门也是门,扉
舌尖上的西湖,沙
走是不对的,赵
四山纵横两日绸缪富是他起脚累是他起头,田
上边能飞下边能站今天猜不出明天出答案,翌
千张嘴千张嘴要想活给它水,舌
正看八十八倒看八十八左看八十八右看八十八仔细一端详好像一朵花,米
名利始终抛一边,和
两边都能听到,耶
矮冬瓜,射
池塘亮底,汗
没有钱,钦
国庆的早晨,坦
观不见有鸟飞来,鸡
沾土结垢,后
三十减一,川
飞沙走石,砂
红了还要红,赫
一字四笔斜无横无竖无一湾沟,父
一到就享受,亨
一个人在山边,仙
干燥剂,法
四四方方一间房里面住着冬姑娘,图
加水可以栽花加土可以种瓜加人不是你我加马能跑天下,也
夕阳下山了,岁
三三两两,十
儿童不宜,旖
上捂下日下捂上日左捂右日右捂左日不捂不日一捂就日,田
一个太阳二个太阳,晶
说他大上边小说他小下边大,尖
第二次见面,观
江西省,工
剩三点,涂
只有点点大第一总是它,头
阎罗王,瑰
是由没有头是甲没有脚播种下田了长出绿禾苗,田
讲师钟点费,读
正面差一横下面少去一点,步
有马能行千里,也
猜酒拳,批
风吹树枝摇折断小树枝,枫
太阳中间插根棍底部却被月亮啃,胄
四面城墙空一面调皮小孩躲中间,匹
像三不是三竖弯钩右弯动物有了它温暖过冬天,毛
重心靠边戴草帽,懂
一边白一边黄一边柔一边刚一边暖一边凉,锦
哥有弟没有高有矮没有河有山没有吃有穿没有,口
有水哗啦啦有口笑哈哈有土不平整有人不知啥,可
十月又见面,肢
一行作吏,史
王大妈白大妈一起坐在石头上,碧
遇水即成河有伴就称哥头顶大得奇傍人又如何,可
讲鬼,魂
天上倒八字,关
眼前一片绿葱葱,睛
一去就竞争,竟
半边有毛半边光半边味美半边香半边吃的山上草半边还在水里藏,鲜
洒水了,西
前前后后一条心,总
兔子差点不见了,免
三人看日出,春
春雨如油,溃
自大加一点,臭
一条白毛巾挂在木头上,棉
一来就不坏,坯
人人人人人,伍
家中一口人,儫
五张嘴巴在说话,语
加一笔不好加一点不少,夕
一加一不是二,王
万物之灵,他
有草能开花有水能沏茶有脚走得快有火响声大,包
前没有后有左没有右有暗没有亮有低没有高有,口
东边游鹅西边叫,哦
有心撇下老李,悸
服装展览,裂
四个嘴大一点,器
快先吹口哨,悄
二人并立不是天你当夫猜也枉然,仁
横看有十口竖看有十口不单是十口而是十二口,咕
西挪东借,措
一生当园丁,帅
心字上面减两点,感
有女全姓姚有手肩能挑有足蹦蹦跳有木花夭夭,兆
傻瓜,保
努力不够需用心,怒
平均地权,杜
云破月来,育
自己说话,语
结实累累,夥
拆除磁石,兹
困难之中,休
口中一木栽非困又非呆若要把杏念趁早你莫猜,束
开渠放水,柜
开门日正中,间
左右都是水,冰
日落西山,晒
惟有这点点滴滴,憔
喝一半流一半,渴
见日天空亮遇水河见底知心是朋友两人友谊长,青
池里没有水地上不见土,也
星星出来太阳落下,甡
十字街头,千
李世民,瑭
小二小二戴草帽,蒜
难以接受又换友,爱
左十八来右十一十八十一在一起左边给你柴火烧右边给你粮食吃,杜
十二月一日,晴
一年少三十天,肚
朋友半边不见啦,友
我头可断身可裂,找
李时珍名著,笨
一一入史册,更
一定要干在前,王
林海无边,梅
汛期,泼
头上草帽戴帽下有人在短刀握在手但却人人爱,花
连夜造林,梦
再次相见,观
竹下无女妖,笑
禾高没了人,千
共填二横,其
香初茶半又黄昏,移
挖掉穷根巧安排,窍
俺们两人不在,阉
功名终被草没了,茄
朋友别后在相逢,有
你一半我一半同心干把树砍,伐
一口吃下十角,园
地球自转一周,旧
夕阳,晒
半边大半边小半边跑半边跳半边奔驰疆场上半边偷偷把人咬,骚
加倍才算多,夕
减二剩下四减四剩下二,园
一只小兔兔瞪着俩眼睛雌性有了它能把后代生,卵
进门就闹,市
横算直算二四得八,買
早日回归,十
金玉满堂,钰
两根树干六个枝中间有路无人走,非
走在上面坐在下面挂在右边堆在左边,土
甲字出头不是申字,岬
心满意足,音
四个二字转又转四个日字肩并肩四个口字膀挨膀四个山字尖对尖,田
雨天没有阴天有田里没有湖里有今天没有明天有,月
有皿能把物存有口笑出声音有手把物取走有鸟象征和平,合
画兔点睛,卵
先免一半再赔一半,竞
把矛放树上,柔
一来就工作,十
言来互相尊重心至令人感动日出万里无云水到纯净透明,青
古代有现代无商周有秦汉无唐朝有宋朝无,口
鱼头蛇尾巴成天地上爬,龟
两人坐天上,丛
女儿出了嫁,家
低头不见抬头见,抵
一日进一尺,昼
节约一粒米,立
看起来父亲多其实就一个,爹
十字尾巴弯弯算算数目少三,七
三天,晶
海味山珍,鲜
一尺多一点点不作尽字猜,村
二山在一起猜出便错了,击
砍左边嗑右边,磕
里外都是未知数,风
勿挂心上,忽
就在其中,二
大旱,沙
一对夫妇生一个,众
十分之四,克
安字去了盖莫当女字猜,好
去一人还有一口去一口还有一人,合
倒下一人,到
蓄水池,也
亮出首尾,亢
一到开封,葑
滴水成海,每
人才进了门,闪
太阳过生日,星
两人同在土山上一个左来一个右,坐
浅水之内藏有宝贝,溅
课桌椅样样齐备,木
一个人两只脚在弯曲的道路上行走,佛
救人不要半文钱,俅
有耳能听到有口能请教有心就犯病有人雷声响,门
一半是学者,孝
洗掉一点,冼
有户人家没有墙英雄豪杰内中藏有人看他像关公有人说是楚霸王,扇
可到阵前,阿
成心不来,戊
二月不猜朋,用
妻子,肉
先借后输,偷
此字不难猜而且分不开,面
一生无邪,止
生个女的就好,子
木头搬进门,闲
霎时雨过,妾
来人就吃,良
跑断了脚,包
倒数第一,由
有女就好有口就闹有手照写有水干燥,少
补衣去了,卜
左边一条狗右边一条狗藏在草下不露头,获
少见为妙,女
暗无天日,立
一横又一竖别把十字猜你若能猜中一定是知音,支
三横又三竖你若猜不中猴子告诉你,申
上面能走下面能坐,土
外面四角里面十角,园
不要夸大,亏
人生七十,华
见水就滑,骨
赔了血本,夸
汽车进了站乘客人不见,乖
雨下山倒,雪
一马饮尽池中水,驰
一着西装人更俊,酸
横竖一定吃大亏,垮
左边光右边亮一边热一边凉两者同时不露面合并起来亮堂堂,明
入关之后称帝为王,月
洋婆子,要
手足交朋友,捉
两个半对凑成一双,双
差一点六斤,兵
上白下紫,系
少白头,日
不是女同学,甥
合口味,昧
上下一致要对口,咔
去之岐山之下居焉,吱
灭掉一虫,烛
四个十字手拉手里面有水不会流,井
有草花将开有水可冲茶有脚走得快有火敌人怕,包
除去一半添一半,涂
前程几许,秃
阿里山的姑娘,始
左手拿丸子,执
一张口十颗心,思
弯弯一小船儿文人上边玩,这
色彩丰富,艳
半盒点心,哈
日进五百米,量
海边看见一艘船,舰
逮住又放走,隶
赠我一只鹅,鸟
秦王一刀斩三人,利
白头歃血献丹心,盘
有水能淘沙有犬羊害怕有米做食品有女叫妈妈,良
人人开口,肉
断雨残云,三
顶破天,夫
鸵鸟不见了,它
一只手在树上,采
周末喜相逢,啁
有眼看得准有口咬得紧有金钻劲大有火放光明,丁
报恩有口却无心,咽
残花一片犹有余香,旨
早日腾飞,十
一点下令,今
一点补充,允
寸草心,时
明月当空恰十分,时
脱贫之后有余粮,粉
两山之间月初来,川
错大错错上加错,爽
用一半还有一半,胖
不见宝玉进园中,完
枝头眉月仍半边,秀
巾帼,好
龙袍,袭
设酒杀鸡备鱼来,渔
安排女排打头阵,宁
连日相约在亭下,町
大小相等,奈
引狼入室不见狗,阆
邹容一心求变革,隐
先生一夜未归,殊
自大一点不可爱,臭
小耳朵总听课你就聪明了,聪
武,斐
张口就大声喊叫,孔
江河流水归一处,珂
闺中少女欲思春,娴
森林被毁和泪看,湘
粗一半细一半,组
湖中垂钓到白头,乱
今与君重逢,琴
下岗转向再上岗,岖
绝色少女觅不见,绥
趁人走没又写一页,须
车七退一,轧
千万少一点,仿
言而无信一文不值,仪
一直有点见外,夕
必须再产,颜
一个字山连山猜不到去外边,出
不在上边不上不下应在下边正在两头长在中间,一
一草一木日见其大,模
人要正直还要真心,仨
自始至终要虚心,老
一人一心一张口,恰
瓦片层层并一起,瓶
佳人失约锁眉头,眭
呆头呆脑能说会道,吕
连日有人去川中,界
人在云上飞,会
少放两点不为淡,减
两次猜对,串
九十八,杂
长一米,来
三加三,田
吃掉一口,乞
一来就查,杳
二人一直看兰花,徉
醉后磕头,碎
心字欠两点,恣
手到擒来,禽
左边之水回右边,洄
抽梁换柱,梗
一字有五笔只有横和直去头是个字去尾是个字去头也去尾仍然是个字,申
夺冠军,车
抛开两边要中间,三
一手搬倒山,扫
引水建港,巷
运动员,云
村前一头大象,橡
一家十口人只有草盖身,苗
一字多两点,学
十加十不等于二十,茄
十八点四,杰
昨天有今天无明天有后天无星星有月亮无,日
四竖六横,昌
上边查下边看虽有雨可晴天,霜
一一入火,侠
先到江西,洗
大人不见了,一
门内冲进高头马,闯
似己非己口半开,已
两边真辛苦点撇在中央用心来区别字形不会忘,辨
下边有口,吓
有点刁,习
比千少一撇比一多一直不能猜作十,毕
二人联手合作,扶
中有一人颇自负,赖
笨头笨脑,竹
缺一欠十,坎
苏州话,误
共计四五人,仇
一女扫地不用手,妇
星星没露头,生
进门取走一半,闻
扬土挥手,场
潮水已退,朝
长草花将放加水茶沏成有脚行走快点火有响声,包
为数虽少却在百万之上,一
一只狗两个口谁遇它谁发愁,哭
忘得变了样,忙
用火烧汤,烫
一人在中左右吹,嗽
十粒豆豆入口来,喜
需一笔勾成,么
原本出于自愿,息
一来就猜中,巾
一寸身高把言发谈论射箭我行家感激别人说一说文明礼貌顶呱呱,谢
共二斤,斯
美人去后总无心,善
一走就了,子
用人不疑,言
人人做工个个对口,噬
抢先喝了一口,揭
向来只取一半,响
殿下明日归去,臀
老头早上到屋前,屠
爱它的头要它的尾,妥
木头好大好大,柜
泥船左右,沿
前在宋之前后在宋之后,完
三十六计,九
离开陕西到山西,峡
左边是三尺右边有十升,料
此汉子鼠头鼠脑,舅
请不要动武,救
不用心想,相
前后扰乱,扎
视而不见掩口而听,祈
谁敢出言是男子,滩
转身变成人,入
一一得一,三
二百天,荀
一马过桥压断梁,骄
来人干在前头,金
可省则省,员
前前后后弄颠倒,只
心有余而力不足,态
丢这一文得一元,远
一女有口又有心,恕
厂里没有春秋冬,厦
一岁除夕,山
如少掉一口不能猜作女,妙
东山南山西山北山四人四口在中间,田
迷信害死人,谜
草没有草,早
一人爬上门门上青草生,芮
一人上下不可分,佧
左修右改,攸
很字两人离木棒左边立,根
除去半边还有半边,途
有鸟差点入河中,呜
加一横在天上加两横在脸上,口
一点点力不作为,劣
肥一半廋一半,疤
遇人就照办见草定飘香靠言去寻问有户用处大,方
有言在先干到两点,评
田置于口中两角封不上,画
常病不起,疚
如出一口,女
受援之后双方联合,暖
叫来一半放走一半,收
一半在海河一半在天空,鲁
为何不可,伪
女字少三点,娑
迁入一口,适
千分之一百分之一,伯
前线有变,乡
补一半破一半,被
千里相逢,重
比上多一横一竖比下多一横一竖,正
欲取金币最后放弃,锦
讲空话,井
有心合作生意成,音
十月十日对号头,嘲
花前和柳畔,节
一个字圆又圆看起来只有三笔写起来却是九点,丸
上京寻子,享
两个日字肩并肩四个王字打转转四个口字团团转要猜请往农村看,田
笔帽不见了,毛
海边水已去杂草遂长出,莓
秋一半春一半,秦
五一节后去植树,置
挑女婿,胥
西村有衣东村有谷组织起来丰衣足食,裕
有人为例,列
一走了之,辽
好像是午后一点,年
一年忙到头,情
上帝后裔,商
山水相连,汕
能说会道,团
一半绿一半红一半喜雨一半爱风,秋
太阳下面无暗处,晃
手足并用,捉
上头去上头下头是下头,走
去了宝盖才够标准,棕
玄而又玄耍滑头,滋
做在前学在后,仔
由字不出头别当田字猜,柚
加水就在山东添草生在土中要走始终不远有点乱批一通,斤
又是左边又是右边,双
东汉,又
左边是个工右边是个凡若当巩字猜只猜对一半,筑
大将东去一点回,状
硬要出厂,哽
虚心使人向上,仑
没水不见有舟来,般
钱不沾边自清廉,镰
在粮站左边,粒
果然藏衣中,裹
小王一去不知返,尘
一人无力旁边站一人有力上边躺此事并非不公平只因受损不健康,伤
惨案之后,杉
加倍不少加一不好,夕
太阳月亮交朋友,明
只有独生子,妩
一点不见,视
安排姑娘住南屋,室
横竖要转业,赤
半数取全景,琼
老王寄人之下,全
心头欲炸不发火,怎
烈一半裳一半,裂
遵命出走,尊
一旦牵牛来,星
前头转了弯多半到了村后,将
村前摆摊搞推销,权
断右边给左边,紤
没有用心连出错,网
有约在先心不急,绉
其心不正须约束,懒
转眼一看真没底,置
雨,池
连日不断有人来,佃
元旦,明
两人并肩坐扁担来托着有人抽扁担两人并肩站,丛
两人同离去直到四点归,雨
人旁有人人相碰,众
大错四次,爽
一家五口有衣穿,福
两方一直有联系,串
危岩半坠月影重,确
掀起头说再见,盆
谁知脱口便失言,雉
羊离群,君
眼前一黑头发晕,眩
差差错错归一人,爽
一再避开,冉
先把凡心抛得到六根净,抗
残花顺水过前川,颍
双方一直有联系开张之后更多点,强
花一半留一半,苗
留下残花片片,毗
佳人走了心牵挂,恚
日落之时还不走,过
日出地平线,旦
战略武器稍作调整,古
一江清水乘风去,玑
头屑没了人会靓,俏
街中扫除我参加,衙
困难之中方显团结,保
给一个方便吧,巴
每遇雨降临,霉
七加一,丑
演出时间不要说话,活
四面不透风老大困当中三面没有事一面用火攻,烟
提前开会两点来,拼
没有头的牛,午
东挪西借度时日,附
离休之后心生烦,恼
有人照常随手丢,乃
一个字二十撇,生
用心向上,冉
来人特别牛,侍
工人团结力无穷,倥
退休以后跑买卖,什
你东征我西征,伐
上能浇禾苗下能长禾苗上下相结合响声震山河,雷
偏偏人走马就来,骗
两车相遇,轰
失恋后从头开始,奕
东北地区辽宁省,黠
花草凋零人离去,匕
入水反得第一名,油
东边日出西边雨,汨
内人来了一定行,两
结果小于三,巢
别后一月全变样,瑜
自小离散到江西,渺
小心一点别上当,寻
别后不见有变化,加
颠倒总是不放心,只
一直陪同,司
多加小心没有错,爹
杯子不要丢,李
上不是上下不是下上也是上下也是下,卡
退后让一尺,迟
两人合成一个字,俩
点滴积累学有成,字
你多心了,您
孤单一人没气氛,份
上下调查无此人,旱
墙上没土也长草,蔷
江边明月入画中,渭
后空翻入水,潘
点滴积累放手拼,开
无人打仗,丈
撕掉中间剩两边,折
漓江之水天下绝,璃
横了心不出头,李
春天没太阳禾苗依然长,秦
言及自己,记
先后观战,戏
明日去上工,肛
七横五竖是一家笑口两个他对她人人见了皆欢乐有鸟冠名叫喳喳,囍
难得开口又收回,唯
接通一半,捅
一贯胡来,糊
一人赏月兴头足,脸
美人一去四点回,羔
吃苦头,古
扳着指头计算,擞
除去一半还留一半,途
差一点就走了,这
十三十一八十一,陸
又在跟前走,艰
金木火土,沙
中字加横不加点,神
千金出闺门,娃
窗前江水流,空
拆去屋顶,至
肋无力饥无食,肌
大小交错,灯
点火引爆,暴
个个回来换新装,筒
嘴和眼挨着排眼睛上边眉毛歪,咱
战略武器,占
一直在动,劫
节约用油,胄
不加一点只留一半,福
湖中显倒影,潮
再会,观
加工方式,弋
灭掉火,一
羡慕上边攀下边,摹
左边加一即来右边加一成百,粕
有水无味没有就热,炎
参天大树楼不住,柜
次子,元
一见立即成知音,智
连衣裙,君
共计十两,丘
不怕火炼是何物,镇
三山同时倾,帚
今后要留心,念
翻身得自由,甲
太阳落西边,晒
大口套小口一人顶半口,圆
左一个少捺右一个多撇,价
雷而无雨,田
反手上篮,笔
二人三点提前到,捡
竖后加一撇,产
开口说梦话,艺
与人相似,以
适当从速辞退掉,辣
小坐一会二人离去,尘
一直制止,上
鲤鱼脱网,里
收二人为徒,走
甜得把舌头咽下去,甘
砍掉羊尾巴没有一点血,盖
干杯不要走开,杆
一一清查,杏
糟粮运送一半,糟
儿童活动有场地,境
田间花下逢,华
出言示警,敬
猪八戒说道,该
一百分及格,园
街头装卸,御
听来咫尺无处寻,职
上下两个小太阳,隙
二十上下有水平,萍
婚前少见面,妙
东坡赏西湖,波
个个乘龙,笼
正是需要人才,材
一寸少一点,于
加一寸不会错添一口不会乐,又
不是草,菲
助人为乐,竺
半上半下,卡
四方有人,佃
一斤四两,兵
胡乱加一刀,别
累坏了的骡,马
有木是武器有手便争夺,仓
合计七十斤,斩
西部需要人,倍
十斗出头,岩
确保有衣穿,褒
一来就生气,乞
减四余二,园
穿下不穿上站在院一旁,邪
啤酒出口,卑
宝玉去她也去,安
古代有今天没有支出有收入没有,十
日复一日有奔头,奋
一一用力,五
挖土引水能养鱼,地
草下游来一只鸭,艺
斧头把手已脱落,爸
城西残云半遮月,屋
拆掉床木架一人好住下,庆
雾中一人衣衫少,修
去日苦多,章
我站右边,战
有部分接受,爱
短了一点又一点,知
弄璋之喜,甥
眨眼不见少一撇,之
吃力不讨好,少
有点点冷,令
前头一点血,益
南面有水清又清西面有水船不行,白
双方挂钩,巴
福建省内,门
看上去只有一米长,眯
乡下归来尘满头,沙
刃字巧改变,勺
三路会合,丫
杜鹃呜,月
初稿连夜完成,移
无心有力依然勇,恿
一百减二,杂
三撇全分开,珍
不是男人做的活,奸
我有一物生得巧半边鳞甲半边毛半边离水难活命半边入水命难保,鲜
所托非人,魏
用心记忆,乙
存上一笔现金,余
高尔基,尚
戴上帽子是客人不戴帽子是军人,兵
正式工退休,武
婆媳姑嫂都有,女
一边有水一边干天气一冷就不见,汗
恶人持刀,例
种上树变了样,羊
一直加快,怏
石头要出头莫作右字猜,岩
秋前离去秋后回,炎
从前有座山,仙
一一结伴侣,倡
实现四化,兄
请勿说话,青
寄人篱下,禽
伊人离去转生哀,裙
昨天今天明天后天,罗
可除去我,阿
廊前走了隋炀帝,郎
先尝后买,尖
在此十分对口,嘴
上面多一竖下面少一点要知道是什么走走就知道,步
文君传人,桌
中国改革人才出,住
江西大米向外运,澳
十三立方,陪
减少水分,咸
衣服中间有个洞,哀
汽水没了,气
一人得十钱,俩
加上一直减少一点,步
王二小不在王家,示
花前无人会,芸
宫中府中俱为一体,咐
双人配合防守,卸
读时是一用时是二,乙
童子头顶一石臼,舅
半边红日蓝空中,蕴
放学之后,孜
关闭闸门开东口,匣
你我各一半互相来征战,伐
忽必烈,玩
从右往左看是一家之长从左往右看是一国之君,住
人卧西楼烛已冷,蛛
无心惹他也枉然,偌
点点滴滴左右开弓,弱
日落江边一抹斜,泊
唐王一去不复返,塘
为皇后网开一面,再
有草是青色有水是绿色,仓
左边九百九十九右边九十九,伯
草堆下面两只狗,获
甘愿饿肚子,廿
排好之后整上来,嫩
月月亏损不对头,粥
吃一半拿一半,哈
靠前空出一半,窖
三山倒挂二月相连上有可耕之田下有流水之川一家六口两口不全,用
学上段觅下段,觉
千字头木子腰太阳出来从下照人人都说味道好,香
古稀之年不停步,连
人人动口,两
三十而立,莘
人有它变大天没它变大,一
日日有余月月不足,門
送去云长迎来孟德,遭
个个骂不还口,笃
十八加一,杜
一并颠倒,共
南方之夜,名
莫要动手,摸
不止一横,歪
一个字八个头里面有水不外流,井
办错了两点,为
十口之间有我一半,哉
有口一世不露头,喋
杜鹃啼了暗无声,明
逃之夭夭,兆
粗心看成二十四,蔑
用力刮一千下,别
一字九横六直天下书生难识颜回去问孔子孔子猜了三日,晶
非机器生产,扛
有目看不见日出还昏暗树旁制饮料有水如雾烟,蒙
一举而成,血
街头街尾,行
风中点残烛,蚁
人人见了笑,关
亏本一一消除,朽
要一直反而曲,由
一直结为同心人,束
元宵前后共团圆,期
呆会他也去,保
大字去一半,宏
再添一个便是老兄,可
断剑在手,捡
成心换上小字,戚
情海半生不知悔,清
涧中落日映倒山,润
失宠之后锁双眉,穴
一来就是三口人,圆
后生小子,孙
四方团结添后劲,男
一直到黄昏,殖
天子欲开三面网,匡
足下携一家前来,定
同心改革向前进,向
此字比一多一横不能把二猜,些
不用言请人自来,倩
后扣一百分,啪
一夜出名成歌后,吹
岁岁除夕花前会,茁
用心出尽犹出错,冈
秋分之后夜又长,香
三前五后,一
看看心里平其实跳不停,怦
四方归客心连心,惫
过去十分了得,辽
用力一点小心跌倒,勇
落草之后得天下,莫
来日就业到山西,一
前客后客共八人,容
三星落户到上海,沪
向空中撒大米,奥
冠军亚军心相连,懿
携刀进寺庙,杀
双联开关,聂
水少也有鱼,鲨
接口就问有耳共闻,门
八大王集合,美
纵横天下二十载,奔
放上白的变成黑的,七
横看是个三竖看是个三三三不得九光见四个口,田
来往不逢人,起
加一等于四,匹
二十比二十,琵
行乐须及春,栎
如要吵双方都出去,妙
半边印盒,命
天下大变,无
森林,楷
一见再见,冉
作品一一调整,唱
不左不右朝前走,肿
一人提刀月下走,逾
变革后要大上,奕
看文字一是春秋论年代一半在春秋,秦
拉到里边来,撞
山顶一只鸟缩脚看海潮,岛
上下都是草中间活不了,葬
七百减一,皂
一刀刺去鲜血点点,枣
摩托被窃,轶
人要齐心点,仪
主动献血,盖
要负责到底,婴
恨少无多,慨
该女正在争取中,妻
第四个发言,订
勿落最后,易
传言不可信,专
宝玉出游到园中,完
为宁波出力,勇
品茶之后游东湖,澡
美国小姐,要
水多一点,永
萤火虫飞走了,荧
一来就转正,止
去有来没有走有停没有坐有站没有地有天没有,土
削减势力,执
离开台北到北京,弃
三班值勤不见一人,矗
春来蝴蝶东飞去,蠢
失败后再来一次,资
争取两点前联合,净
东湖垂钓钩,甩
一旦托付与先生,得
变相搜索,查
同是宦游人,管
良心没一点休作恳字猜,恨
工中添一点不作玉字猜,虹
秋凉一夕人离去,歼
倒数第一数空前,宙
一车停在拐弯处,轧
江畔孤舟溅浪花,沁
出手不易,摊
又得十分,对
正喝半杯便倒,歪
把握重点不得夸大一点,污
木字加一撇莫当禾字猜,朱
猜谜之前大聚会,狱
翻开日记写心得,惜
横竖还有一斤米,断
两点半钟,冲
时晚明朝去星月来相伴,博
一到上海,中
十两一斤,芹
岁末恰逢周末,名
问得直接一点,闽
年已古稀去栽树,载
寒冰消融柳初生,寨
两人下棋不分高低,抨
上边两个加下边一个加,茄
三月一直看柳色,青
横竖要见到真人,俱
双方合作出劳力,营
一对明月完美无缺躲在山下左右分裂,崩
树旁站著两个人,來
分析成立,新
唾手可得不必多嘴,捶
区字转变真可怕,凶
来日生女称妙香,秒
不足之处,外
春节三日去游山,仙
一撇又一横关系好得很,友
人前背后要一致,有
左边半弯右边不短左右一起射箭方便,张
半剪花絮,茹
曾经有财但无才,赠
两个小西瓜,瓢
花甲之年献赤心,辛
夫人外出儿归来,元
盖下藏一夫,実
如有变化再等一天,娱
山西一日游,业
一字之师,帅
王家有女正长成,娃
不容他人在其侧,则
雪落横山,雨
八斤不足六斤有余,兵
文中有点改动,蚁
添一笔不好加一倍不少,夕
二人为股东,役
一去上边即就业一去下边就转业,亚
献点爱心带好头,安
绝妙女色要不得,纱
两座横山背背相连,王
误入歧途,赵
一月二十日大团圆,膜
不出头后不成字,杯
此谜无人猜中,仲
个个参加运动会,云
岁末时晚壮士归,将
古灯火已灭,登
走四方,儿
春节三人聚首,最
买卖实在,头
有田种有树栽有衣穿,裸
元旦倾心会知音,脂
元旦休息二天,兀
小姐冒雨而立,霎
岁末年尾爱出头,舜
差点着迷有点着迷,述
而立之年贡献大,奔
四方同心力无边,逼
农家儿女多淳朴,飨
甜咸苦辣各味俱备,口
希字没有错,布
小桥流水有几多,沉
推开又来,摊
个个不沾油水,笛
个个汗水直流,竺
国内改革知多少,坑
挖左边补右边,扑
休要多嘴,保
枕边开口直表真心,框
五上南京,戚
上下均可,哥
双双离开,罢
劝阻老子,耻
枕畔一聊过五更,耽
出了点子国容改,呈
写是一条大虫其实是小虫不在景阳冈只住桑园中,蚕
一米不是米招手到这里,来
一月又一月两月共半边上有可耕之田下有流水之川一家有六口两口不团圆,用
立即成亲,木
中国上空,宝
背上变黄,冀
黑字去掉下面,墨
画有写没有留有走没有,田
三人跨日冬已去,春
夜里有白天无死了有活着无多则两个少则没一个,夕
萝卜外销出东都,薯
两个幼童去砍柴没有力气砍不来回家又怕人笑话躲在山中不出来,幽
匠心独运借箭回,医
心无一点变化,忧
作文入门靠用心,悯
仲冬,肚
拔掉龋齿抛屋后,属
滥砍松木上言控诉,讼
要它背弯曲,马
五位老头围炉边,烤
为何无人也同意,可
才加一捺不猜木字,架
双方使劲,咖
父亲七十多一点,较
水乡面貌改一人爱在前,溪
一一另作安排,吾
双双携手一同去,摆
支出减少一半,岐
点滴改革见成果,单
一张弓箭,引
为了保米粮两边打上墙大水到墙根米粮未损伤,渊
西安一住三星期,醋
存心必怕,具
旭日升空,九
后来者居上,屠
笔直一座桥上立一头牛,生
人民币一次存入,羡
遇水立成河,可
里放一半外存一半,在
一气之下离西洋,氧
河水流向东部,阿
二人骑马双星伴月,腾
合目小睡,屯
走自己的道路,途
两点十分来游园,尊
移出多迁入少,秒
课前不见课后见,果
拉到娘前,接
中国改革人人拥护,往
来日全无人,旺
由字加了一直莫作曲字来猜,邮
拆除南边两堵墙,幸
前无古人下笔成文,做
明明七成白偏说全都黑,皂
用刀削竹签,剑
顺看斤一两倒看正一斤,丘
小山上落大鸟神枪手打掉脚,岛
不坐了我要走,起
一点一横长一撇跨过墙破田不装水田里水湾湾,康
地方话,访
访得其人无须多言,旗
拣一半倒一半,抹
左边有撇产米粮右边无撇是太阳,粕
六一前夕来相会,产
林字去一半不作木字猜若是猜不着请你想朝代,宋
换位作陪,部
一丝不挂难遮丑,纽
每到人前总受欺,侮
一门及格,问
出勤不出力只说不兑现,谨
三八晚会,萝
掘地去土添水成池,也
角落头,用
无力守边溃如流水,遗
上面是十两下面也是十两上下合起来却有二十斤,芹
人口多一点,吠
二尺二,封
我被压在山下面,岂
四化早日腾飞,克
知音十月又相逢,肢
古稀之年垂钓钩,轧
少加一半就不好,劣
失之交臂,文
复习一番,翻
给西服钉个扣,捐
本来就不聪明,竹
毛头姑娘十八变,委
雾中点点透寒意,冬
上面六有多下面四有余,益
孟子出游乘船归,盘
三人合守一方,吸
上下一条横,卡
我家有只狗时常跟人走此字要猜着等到黄梅后,伏
西去此潭水已无,早
北字穿个眼上下廿四点,燕
要写只有四笔又无横来又无竖将军见他要下马皇帝见他要作揖,父
安得一日共图醉,宴
四老头二十日相聚,薯
手携千金费叮咛,按
开口还要走,否
去头是个字去尾也是个字头尾都去掉仍然是个字,王
羊年会有好开端,妹
一点来成交,交
有女十八媒自来,甘
陕西人十分好,附
山区变样已翻身,岗
以小欺大,尖
马踏木桥断,骄
翻转一看是瓜子,孤
二十四口,噩
尽可能省点再省点,尺
主动奉献一点爱心,宝
复来北京投远亲,粒
今后还要用点心,怜
一下就回,同
闯出们再戴帽子,写
迎头赶上得一百分,迟
有女长大美姿容,羡
从来有过后无今天有明日无,人
得水便湿,显
星月小桥听萧声,宵
十加上二,王
雨后又见月当头,霄
浪费点滴亦有错,齐
写时口要合念他口张开平时不露面你笑它准来,哈
开门无犬吠不知对不对,问
梅雪争春不肯降,皆
云长最先到跟前,蹋
八千女鬼,魏
转眼斜阳下竹荫,箩
又添五双手,技
一一隆起,降
少点主见,现
有山就像墙壁有人就像靓女走来还可走去有手带点东西,肖
握手告别,屋
鸡鸣鸟尽飞,叹
塘边取土不对头,糖
乡下变了样全省大翻身,缈
月缺花残鸟不鸣,呢
加一笔找不到少一笔天上飘,去
初一无月照客舟,逆
田里跑到田外不作古字猜,叶
一月零三个星期,腊
旅行坐飞机,辈
一落千丈,仗
干部结构要调整,障
见到右邻觉陌生,百
人生难得一相逢,朱
尽是男人,妩
岁末星沉一画中,鱼
签下合约三十天,脸
一见就爱上,觅
整理小本本,禁
激情释放无须怕,清
白玉无瑕合君意,皇
抛多一点变了形,势
山下月弄影,崩
暗香夜夜来,移
元旦前后方来人,吴
千万别后悔,惊
一横二直又三点,变
除夕即是岁末,多
除夕看春联,梦
抓住一点机遇,杭
重阳重九两难分,果
穷乡面貌改,窈
提前十分送出关,挝
楼头几度寄芳心,杭
吃尽苦头不后悔,怙
春香去后琴声在,秦
两点结束请看信,柬
雾中西湖如少女,洛
江边曲径引人至,汲
品茶无人把水添,藻
一生执教育后人,帅
出师后势如山倒,归
启动之后传佳音,加
八点九点十点,染
嘴上长着四撮胡须,谷
站在树梢上,亲
老两口一见就喜爱,嗜
抢先别落后,拐
马尾羊头自相连,首
登上天门闻雀声,阕
人一高兴就先笑,签
好像不对头就是不对头,米
只对一半,叹
断一半接一半连起来还是断,折
朽木没用上头有洞稍一加工又变成洞,窍
一天到晚,免
一对枕头,林
有一天会明白,尧
不置可否,口
土生土长西安女,娃
陕西省西安人,侠
看似闭着嘴其实乐开怀,哈
去年已入此门中,闯
火见它就灭请别把水猜,一
别夸大,亏
先写上半截后写下半截,告
刘备有张飞有曹操有人人都要有,德
看看像母叫叫像父越看越像母越叫越像父其实不,毋
上下一条心,卡
落汤鸡,酒
小羊小羊尾巴长偏偏骑在牛身上,羞
一个字两个手浑身是口歌不离口,曲
元宵十五日,月
来日芬芳,禾
真心不二到白头,百
闹市散罢天放晴,间
东邻吹竹笛,邮
学上边会下边若不信试试看,尝
有个字真特别谁看都是一万撇,厉
和尚身上一条巾,常
又要随船走远方,般
三日当中只有一日有空,唱
多一撇难寻找,去
背后左右点火,脊
除非减一才能得零,韭
无火不生烟,因
不许喧哗,躁
乡下改革有后劲,幼
两手一抱行大礼,拜
一直不用靠旁边,膀
横竖在工作中,正
半途而废不足取,叙
出丑之后便知羞,羊
一颗闲心两个耳朵,椰
家和就要不多口,稼
岱山归去日西沉,黛
上头又完成,寇
双方因犬生悲剧,哭
个个都要管,官
共守球门,典
共赏残月又几回,殿
会散人去,云
一尺只有八寸长,咫
差一点猜中,虫
工厂联合面貌新,硂
数数仅三笔算算有万万,亿
出口成衣,哀
古城改造要搬迁,吧
悲声不在楼头放,杯
一十二点不是斗猜平也是不对头,半
一来就成王,城
虚心求是,匙
冷雨飘零中,冲
春游两天,大
山山倒影一川横,带
时差一天,寸
寂寂空门白头人,待
分开是土合起来也是土,堤
两口儿相会在黄昏,酉
昨夜船儿浪里行,怎
夜泊未遇李青莲,液
短处一点一点克服掉,知
两人闯入七星阵,淡
小桥会兄,党
孤帆一片日边来,吊
木在口中栽非杏亦非呆当做困字看不算猜出来,束
拿生命打赌,毙
无心留恋也如意,亦
二十一日有金钱,错
字字去了盖莫当子字猜,一
择吉日命女结婚,纸
有人来存款,诸
葡萄园里摘葡萄,元
欲动而力不足,云
来点刁还要更刁点,羽
两个配合投篮篮下紧盯防守,监
从前点滴要记住,箭
亭台上下共明月,膏
功力不足,工
夺头功又是半边天,努
打乱章法,培
多一点能下锅少一点能烧火,术
赵后虽可爱君迷必有害,钱
西线有战事,绒
一来就收徒弟,帅
漂亮话引人上当,诱
浊浪排空隐山峰,蜂
劳力不足双方支援,营
搬走石头给人方便,硬
生来好胜,月
进门不要说话,阅
人一高兴留个影,签
连日晚点,兔
一脚迈进水草中,踏
秋后分别岁末重逢,移
七十乘以六,较
花草凋日三春去,伦
一旦有心永不变,恒
岁岁花前草初生,茁
若一不在立即变坏,坯
一到山西就下雨,湿
游子方离母牵挂,海
少夫人去堂后,坛
人要虚心一点,龙
一大一小把手牵,捺
案中发现另一案,始
异乡爱上一姑娘,绥
宝玉不见刀刺心,宓
情人相会特开心,倩
全省人口向西移,程
改革旧貌得第一,甲
红粉不知愁,嬉
如去一口仍少一人,奶
小桥流水出凡尘,沉
视而不见就坐下,社
酒后公文看走样,酸
白加黑,七
柳畔花前人相会,茶
七星对残月,溺
改变困境人为先,保
言多必失,吴
闲来出门垂钓钩,札
残席撤下又摆上,度
人人奉献一点热,伏
一弯明月落江边,漕
成功来自凝聚力,工
倾心携手定有日,指
岁末年尾增友爱,舜
山影连绵碧空上,础
湖中倒影月相随,朝
溪边横山带影连,汪
街头积土十分厚,待
职务调动才放心,聪
交错而行,六
就这一个字写不好,孬
聚散之后又相逢,聂
一夜走红不寻常,殊
山水之中半展帆,刷
三口巧安排莫当品字猜,亘
工厂开工要招人,仄
春夜上香听琴声,秦
苦心随日长,早
他有你有全都有,人
天下无人出其上,击
宁波附中,俑
毕业之后又相逢,圣
百变之后还是我,自
人口翻一番,徊
哥哥一变就惊人,噩
负负得正一一相加,王
衣裳破了有人补,倘
字猜对一半,狩
三三两两能言语,计
春末夏初来集中,旦
欲去西边又见喜,欢
真心不二人可靠,奇
二人约会在西堤,去
倾心相逢明月下,昆
入夜梦见黛玉来,林
冥冥之中天意在,晶
晚节不保后患多多,蕊
两人一走接连出错,网
北宋虽亡南宋在,林
突破包围圈自有人接应,伟
两口添丁乐滋滋,呵
万万不见人只知第二名,乙
老人七十不见老,华
汉奸改装尽奴相,汗
一直戒掉了,戎
下岗后人消瘦,仙
半是浓妆半淡妆,汝
修旧如旧,古
携手来听读书声,予
翻开日记已黄昏,醋
塞上日出云半遮,宣
二者勾心又搞鬼,魂
古稀之年变化多,轮
仁义二字抛一旁,仪
有人告诉就懂得,会
有口才连升两级,团
这边唱来那边和,口
本来旧貌换新颜,桓
七上八下是幻觉,练
分赃一半仍是穷,贫
夫人有了二手车,撵
见水污浊把手摇,军
闻声知是孟尝君,文
井边无力朝前走,进
五一请个假,奉
湖光水月西施女,姑
变化大了,队
移花接木后古代女英雄,兰
不见他人传野闻,也
到了三十放一月,葫
百度一下就明了,白
派头有点大,汰
人人结交用真心,俸
城头一同赏日出传来犬叫声,旺
马上动土不好看,丑
生子当如仲谋也,小
正数三个二倒数两个三,奉
大哥可否派人来,倚
大人走了声音依在,一
钱少毕竟还是钱,钞
爱美之心多点点,宝
加加减减得十八,桂
一一补足就对了,是
五线谱上写个字,奉
转业一日就升级,晋
一一出园会双双,四
比二多一半,死
豹子头夜入南柯,梦
看上去不多,省
须前取景拍照片,影
七七鹊桥接两岸,互
酒水喝完客散去,一
长刀破日还,归
退休之后留下来,佃
别后一隔四十载,荆
说不清楚教人猜,谜
一直真心相交,王
五点一直到开封,汴
失散的孩子无人认,该
古物勿要丢,牯
男献爱心女献芳心,亭
左右开弓不对头,粥
一笔写就成千言,信
来日会宴,安
加入内框外框破,画
出门便闻犬吠声,润
四时山中闻清音,卿
一大一小不松手,捺
以军提前撤军,拟
动机不纯,杂
贪钱被砍头模样像个贼,贱
海上卷来浪拍门,沪
江边集合,洽
西湖半醉黄昏雨,酒
四方称王名声恶,噩
贪色足以上绝路,络
人残心不残,必
早上一别心长悬,悼
短处一点一点摆出来,知
一下变成两粒丹,丽
一见是老鼠,了
冥冥之中有天意,日
见虫称知了,单
说话十分体贴,谢
晴雯错把芳心许,文
三点演出扮伯虎,寅
种菜除草,采
啤酒厂出酒,碑
小心一点又没错,对
三人相遇逢秋雨,秦
三只狡兔,究
形状有点变音同字不同,彤
双方见面就是哭,犬
养在深闺人未识,姓
春日人去犹怀旧,旺
不到三分之二,丕
样子难看扭头就走,丑
歌后后台说大话,吹
不负前言,证
大江东去又一春,潜
一来就干跑买卖,十
其言有诈怎敢放心,乍
山西一省显新貌,哑
无话不谈,炎
无人作伴更宁静,平
月下湖边有鸟鸣,涓
全凭点滴集资财,金
此文已变更新一下,改
有了白反而黑,七
患得患失忠心变,忡
东西南北皆逢春,楞
盛名之下大改观,盒
言而无信一定失败,乖
叶动心不动,思
两人乱跑丢了一,肉
拆开重组整十两,柄
力争二人巧变化,伤
元首见首相,末
没有心情见旁人,倩
茶在壶中无人赏光,荣
堆土为坟,文
早作变更好,吉
岁末重逢人变样,侈
梦中不见葬花人,夕
一提升就摆平,半
默许,午
雾中点点透残红,终
人在异乡结同心,给
或轻于鸿毛或重于泰山,毙
残月破云照西湖,泓
句中没有顿号,勺
不是反话,证
六根清静无用心,丹
没有夸大损失,亏
少找点借口,拽
闯王纵马到江边,润
员工一走才知珍,贵
到菜园可见张青,子
先生一见真英俊,帅
种花要除草一人来一刀,花
小心一点无火灾,守
一口干真的干,旱
一直去送出关,运
雄纠纠气昂昂藏獒怀中抱女郎,威
解剖木乃伊,剧
一人四十多一点儿,莽
许配千金得半子,胥
千古一绝,估
十载又十载同心上前来,鼓
六十一载皆艰苦,辛
代购前要借笔款,货
弟子刚先走,倒
只见秋千人不见,炽
闻乡音泪洒村前,湘
阶前残花朝前落,荫
二人睁两眼,夹
一点一点凝结成,疑
人生没有单行道,件
东西放好买一束,嫩
见了馒头就叫馍,莫
厂内养狗讨人嫌,厌
左看二十日右看三十天,朝
千日改革成功,但
两万里,董
原天下有情人都成眷属,答
进言献计为改革,协
多一人有肉吃,内
又有耳朵又有嘴就是说话不干脆,嗫
夜幕降临到贵州,今
失利之后先隐蔽,稳
除去撇就没了,丢
出名后十分小心,列
今为山水伴,涔
大婶不安一人走,申
一点一点学,字
口角在此发生,嘴
相差一半少来抬杠,着
旧貌换新颜,旦
女儿要走,西
笙箫四重奏,欲
小子猜得出色,狲
围住广寒宫,胞
三十日内完成手稿,草
指头轻微触电,摩
保证不说话,跑
红颜薄命,妖
此乃人算不如天算也,些
人到几时有钞票,佩
四十口登日走,遭
损失不小,夸
一次参赌人被抓,资
握别,扮
左边不出头右边歪歪头,杯
添上一口就是我,五
调整火力做假像,伪
慷慨解囊,锄
柴米油盐都不是,罪
冷坑尽是土,坑
好像读四声,似
凑满一百万,跳
先乘后加最后得八,杀
力字加两点不作办字猜若是猜为字还未猜出来,协
引进人才成大业,亚
昔日一别今相聚,芩
生有一女是昭君,墙
抽刀必割,害
一点爱心献父兄,宿
有心入门难透气,闷
还不去拿一元来,远
石变色,白
差一点祸从口出,衲
非常六加一,辛
妇女节有雨,雪
一字入句十日思,旬
浦东十分需要人,傅
与水交融如胶漆,膝
一一到此下面,些
转眼即黄昏,罗
百里不见一架梯子,面
黎明即起,章
泰山,仗
雾中唯见桥头露,条
一点一滴总如意,竟
附耳上来,付
盲目行动心变态,忙
南望杏枝又落叶,琳
好好学里面都有,子
早有茅头,草
来日设宴,安
年已古稀,车
三点到云南,真
把手放下,巴
一旦变心成永远,恒
内人整容倾倒上海,贯
连日有雨难出摊,擂
一百减一不等于九十九,白
仙人无踪影,山
您既不安心干脆不留人,尔
莫让杜兴做鬼脸,儿
里面是大的外面是方的,因
千古结缘一条心,恬
假骨文,故
赞美乡下变了样,绔
少女节食人消瘦,娘
飞砂走石,少
先写上后写下,告
点点滴滴成百万,儿
小桥流水风中没,沉
江帆半隐留个影,筑
四点二十分,注
人人主动援西部,醉
开山造田有所图,画
做人要宽心虚心,花
一个人两个人三个人,众
加上了方的反而成了圆的,员
第二次借钱,欢
加上了嘴巴反而说不出,亚
不计前嫌广结交,廉
恰似无风下半旗,卜
全力以赴方成功,工
塔前破寺有风声,封
三十而立大有奔头,卉
有女结婚,昏
田里有人,困
不负一生心,志
二人正好远行,征
压变形了,庄
孔子出游载月归,甩
此人来头可不小,大
此字只一个二字边下躲,些
门内生活日子不错,阔
将来一人扣十分,奖
背后有儿总开心,脱
一字八条腿中间一张嘴,井
日里有一横猜目可不行,量
用心画下来,击
左边是古人右边是古文撇去正中间立即变文人,做
即位之初大赦天下,千
用心一听是风声,丰
小雨连宵打叶声,液
一直真心来成全,人
八字相合可成亲,辛
端午节后出生,产
顾影明月下,昌
若是出错倒放了真凶,网
三方合作献真心,晶
眼前只是一男儿,盯
默记在心上,忌
传失其人,专
爱心十分打百分名列前茅第一名,冠
人人争先促四化,欲
沿水漂来一叶舟,船
鄂赣毗邻处,障
照着妖头就是一钉耙,耍
东西南北燕齐飞,口
妇女都去减三围,一
口令传左右一点无作用,吟
二山紧相连猜出不着边,击
三无产品,晶
出口成句摆棋盘,局
领导条子不顶用,揩
够十两就行,近
两点前来表决心,快
晴空一色光闪闪,晃
变相回扣放桌下,操
脱贫之后人变样,份
又生一女心生气,怒
两人相处格外大方,徊
关掉阀门人再走,戈
竹篮打水个个空,滥
十分用心细思量,忖
仅仅少了两人,双
左边加一半右边减一半,喊
真心牵挂意中人,春
人格为重,徊
秋月当头闻箫声,销
见了还依旧,阳
一到室内就讲话,云
行人弓箭各在腰,夷
一直在作证,让
方寸有一点点乱,河
三十年河西,泄
残花片片隐叶中,哔
拳头不认人,誊
半掩娇身半露羞,妞
抓大放小搞改革,买
一一出击错失先机,岚
河畔亮灯时,酒
且在乡下搞改革,组
抛开个人上下一心,志
两点开会,并
周边游少古迹,一
二人着手抓重点,拳
放飞心情迎来日出,晴
土生土长成佳丽,俪
戒烟之后夜无梦,焚
要虚心不自负,皂
去电表示祝贺,庵
高原相逢诉乡音,厢
上海中转,电
调动人员要开会,勋
纵然离开要大度,奔
屋旁自有读书声,舒
人人为改革出力,伙
得人和者得天下,一
影后全靠换新妆,珍
旧日已逝未来远,丫
大人不在要小心,丁
一一上台作演讲,云
警告,诡
老赵出走奔异乡,绡
小心别犯错,父
对内改革好带头,婴
画中秋色雁阵飞,锱
有史以来便这样,仁
只一会转了四分之一圈,冲
未吐一字泪先流,相
正式开工,武
两天两夜紧相连,眵
人算不如天算,二
罪名除后得心宽,萝
西边有水,洒
有财无才苦折腾,喷
从五行分析,奏
适当出口,迁
午时风向偏东,驱
退堂前休要入内,堡
查出木马一一清除,吗
交大附中不算大,佼
男生太多,妙
多少个夜晚,夕
湖南乡音,湘
兄弟一一得晋升,提
家里卖猪存了一点人民币,宰
个个争先猜灯谜,彪
掉头走不后悔,悼
明日要去听音乐,月
酉时日落见星星,尊
三顾足见备苦心,堤
日落之时夺丰收,寿
外戚除尽汉分西东,淑
不惑之年居高楼,置
十一假日游人无数,暇
西湖雪晴日落时,浔
秋色笼四方,钿
给水给电配套上,淹
到后来必有后福,副
清闲之中来市集,闹
刚一接触就变坏,夕
昨夜西楼帘半掩,榨
脚趾头动,啃
红旗一举号声响,郝
休闲中心改旧貌,闸
小心翼翼伴皇上,泉
取前十号,聘
高低音调八人和,煜
哭后对方闻泣声,器
真是无头无尾又无边,三
甩掉尾巴就能使它,用
积少只为多,移
会上双方一致想想实在可笑,哈
身居数职不贪占,廉
独自无心对黄昏,囱
揭发坏人坏事,靠
老鼠上钩,孔
有言在先忘不了,己
服装进口,哀
一日一曲听潮声,曹
父王翘起八字胡,釜
刃,召
车一进三,阵
高堂牵挂儿子心,光
十分开心人相会,奔
北方有人来献计,浒
品茶之后游西湖,澡
用心改革方能成,周
争先恐后去当头,急
吓得松了口有点声音变,卞
兰开二度结同心,豆
走到右边叫声舅,赳
妇科一半看中医,矮
不到最后不罢休,取
天干五行居四位,钉
一一去掉坏现象,环
开始向后仰,印
雄心不减,什
少女原是公瑾妻,娇
地位一变他离去,垃
人人同心搞改革,使
浪人回头是岸,食
广西民族服饰,装
空匣藏箭,医
添得酒后香四溢,享
四处贴金多半没用,锣
不在北京在南京,小
夜半桥旁月正圆,脖
瓜前李下变了样,孤
一直向前莫后退,借
读书还须我出手,抒
三十天夺得锦旗,阴
一日失去不回来,否
不要大变但求小改,买
帽儿十分合适,守
和尚,侍
虽已七十有劲头,轻
狗发脾气,狄
有女上前来助威,戌
不见背后,北
带头改革天下为先,奔
重点主要搞改革,汪
三份点心慢慢尝,品
首先乡乡起变化,兹
小心无大错,父
万紫千红闻燕声,艳
廿一中聚会,革
势如破竹,个
有声有色,黯
拆东补西一点没用,祈
不顾白头要进取,最
但求少一点便是,水
老孙头来了笑声扬,孝
醒来之后月西移,腥
有儿有女有兄妹,味
四周山色笼雾中,备
只差两点到黄昏,名
六人相聚出点子,灭
撕掉两边开口吹,欺
一剪寒梅自吟诵,宋
多心成积习,贯
一人正在花前,奔
排行老八却是老大,王
山水变样别后逢,剥
船尾不见老汉在,艘
独先来者是八戒,猪
转干一直有重点,壮
耳眼心口一齐到,聪
辛苦半生添白头,辞
个个见了笑开花,夭
注册没有一点水分,珊
九字不出头,杂
昔日已去今翻身,开
琢玉无成安可补,嫁
西服脱下挂前边,报
另有变动传佳音,加
拆东墙补西墙,圭
山上还有山不作出字猜,岳
网络出错各分散,纲
古币,错
骑马可去,大
一多半变红了,殊
竹短草长入目来,算
厢外亭后听声传,厅
让弟弟坐,竞
又回到村里,树
雨润横山妆素颜,雪
人若进化更识理,伦
台前退到幕后,吊
要改旧貌山必移,画
九九归一,本
有心表态,太
滴泪直到梦尽头,外
出言有误听无声,吴
东川西川尽归玄德,剂
取经先看西游记,纪
一赊再赊知多少,欺
这边一直到田那边一直用全,明
明星胜出有后台,唱
到达陕西,臻
待到秋后续前缘,终
大会变小小会变大,买
乍看一人不足其实成双同行,伴
宁愿掉头不低头,抵
人去即可,何
前后有狗谁先进去,狱
大海边乱设厂,痒
竭泽而渔终有日,鲁
盛名之下变化大,盒
南面有条狗好物送你手,献
三人留下两个,僵
文不像文武不像武一经凑合有文有武,戏
六人不足八人有余,灭
勾结金军全军覆没,钩
起初是在最下面,趣
老爸的意思是小心没有错,父
自小两人合我意,余
单骑救阿斗,动
初冬叶始红,络
共聚江西,洪
打乱笔画巧安排,克
七上八下叶参差,轵
说三道四早有耳闻,皂
得天下而附之,达
垂头坐下没心思,重
携手共为把身翻,拼
何必又牵一人作伴也,倚
丢头去尾,么
头戴破帽来购物,买
临别露一手,捌
名声若日月,明
会走还须人帮助,运
十分佩服,衬
排名最后枉费工,末
拙作结尾十分差,掘
再三出错,交
雨一下点点滴滴溅开,巾
父归川东,爸
鱼上勾一扯溜走,龟
虽分开有钱来,蝉
先人后己,俄
空山幽兰一一开,兹
不贪绝色不贪金钱,线
一点不出头,术
水中一现是男人,丁
几多错误无人信,讽
双双结合待吉时,缀
职位调整心牵挂,聪
对一半又否定,寸
涉黑即罢官,出
山上山下绿草茵茵,茁
假日无人得空闲,暇
添二就是字,足
春阴秋不暖,秦
家中着火猪走失,灾
财色兼收后不正,负
始乱终弃声声诉,升
十分高大既抢又霸,夺
分居独立,辟
回来坐下转平安,墙
苦为改革拼在前,描
有口水就死不了,千
入穴行窃,切
革新有功,勤
莫要大调整,借
尽释前嫌,兼
刚出差错就换人,则
即兴之言获称赞,誉
不丁不卯,罪
且散愁心消消火,租
心上犯怵,术
对镜相映画蛾眉,眯
说三道四尽噪音,皂
折扣之后两手空,听
解除之后用此方,嘴
次子相随送出头,远
树雄心改旧貌,但
心上想着第二名,恶
前人孔夫子,乒
一人配备一手电,掩
田间竞赛,毕
等到三回才见面,而
减肥之后人显高,胭
虫害之中没水难活,蚌
摄影赛,揩
有十分大将风度,奖
南宋北宋共一统,寨
真心依旧,旺
一见先生面模样确英俊,帅
退休之后儿顶替,仔
吾立道旁听雨声,语
小心倒下碰着头,买
出色的须先采纳,彩
穿衣裳,尚
这边多一半那边补一半要想猜着它莫在里面转,外
汉高祖还乡容已改,绑
园中改革一无成,西
各自得钱却叫穷,贫
说话特别牛,诗
一曲低音送出关,遭
气一消张口就吃,乞
大计划小变动,读
孩子不要多嘴,咳
为父期盼终是严,爸
不冷不热一声问,温
昨日离去心牵挂,怎
男女同行,可
携手共言誓,斤
平易近人好相处,伴
谁知无人发一言,主
戒烟之后心自安,熄
又生一计众称异,译
用心把守大散关,羊
猜得出色必封侯,猴
京中迎来南北客,宫
同心走共聚首,典
日出应在寅时后,昂
大小调整就明了,灯
致富在于巧用才,拨
纵有真心也白搭,皇
没有酒水不留客,一
与人作对存心傻,禺
古稀之年献爱心,军
辞别前后风乍起,刮
未得君亲成庶人,群
明月西移雁阵横,胆
眨眼不见,乏
珍珠玛瑙全有,王
看起来上青下紫实际上朴实无华,素
小字加一撇不作少字猜,赤
一到两点便起飞,乙
早上不用浇水,晓
掐头去尾拿中间,抬
雪一直在下一直在下,雷
两个幼童去爬山没有力气上山巅只好躲在山谷里直到天黑还不回,幽
十分必要留个影,笔
三礼拜,昔
请出八字便是妻,窒
一撇歪了一横直了,孕
猴年旧貌换新颜,申
日月一齐来莫作明字猜倘若猜明字不是真秀才,胆
人民币一大摞,美
买得来就得卖,十
着手改变旧貌,担
双方大变样,哈
安排貂蝉诱吕布,宫
转眼秋色近黄昏,锣
初看半陶醉细看已大醉,醄
草有根树有心,支
猴年有雄心,伸
日出浇花沒水了,晓
获胜之后个个归,笙
提高声音,升
四方共合力,男
倚天长剑劈昆仑,崭
与人合作,乍
心若在爱就在,受
双方相处不分离,昝
子在盘中巧变化,艋
如今红颜不复存,吟
一笔抹杀,禾
戎装半旧,戒
顶尖高手实不多,少
大哥不可搞特殊,奇
不要多插手,抄
组织三人踢足球,似
抽刀断流,渐
同心改革抓重点,尚
人参一两,丙
有点范围大,厂
四方齐合力佳音传更多,加
离别之后有变化,加
宣传绿化,请
白头老夫戏金莲,跌
除草得第二,艺
满口金木水火土,衙
你在西我在东像要起战争,伐
倒数第一演后溜,油
六十一载隐居中,辟
重点普及,晋
老头又来见皇上,圣
小心翼翼,水
是土就能防水,堤
清明节前后择日来踏青,晴
先礼而后兵,斌
有人承担放宽心,摸
挖去方砖补水泥,呢
一字九个方青草头上长太阳踏脚下出名三国上,曹
时装,衿
来人好模样心中暗称意,肖
减肥一月显病容,疤
两只小耳朵,际
音乐声声友人来,朋
一到春天变新貌,替
一动就出血,而
小桥约会人未至,尝
柳枝折送西江畔,溜
一去就掌兵权,师
风里来雨里去一年到头奔前程,稀
山东省阴天有雨,鱼
先品后饮大话不停,吹
步调一致,跻
三思之后始宽心,蕊
有心来日要报恩,人
用手遮住半边脸,捡
环环必相扣个个不落空,瑟
而今三请才露脸,面
一文不取,义
稼轩自传,辩
双手一齐拱频频致敬意逢场有礼貌待人也和气,拜
又得千金,奴
有点声音当注意,典
只差八字没写,嗟
宋字不戴帽不能猜作木,李
开口唱,昌
集中一点,虫
刚刚到手,捕
此木做不得栋梁,柴
告别旧日恋人,个
普遍致富,废
一一称是,足
一侧挂羊头一侧挂狗肉,状
离别之后心牵挂,恼
半册多点,丹
一字生得巧上下可颠倒写了两晚上内容真不少,多
大同小异,买
三三两两有派头,汁
一撇之下,乏
赤壁上下集,圭
如此口角似有醉声,嘴
驱马离去,区
张翰辞官是何缘,鳃
口口不离仁字,倡
合字立马去一口每家每户都会有,人
三三两两话同心,诘
残红映窗前斜雁过东陌,缩
东坡笔下无其事,簸
引人入胜,肚
皇上托孤,百
对方下马说脏话,骂
明日去垂钓,甩
千古牵连一笔勾,乱
屋下一只狗,戾
燕雀南来叫一声,焦
北宋沦亡归谁有,钻
派一人去外围,伟
蟾宫告急,脆
盛名之下大变样,盒
春夜乃不见夫归,一
今时不与旧时同,土
晚去一天,免
明日去合肥,巴
连声应允,哥
苏北冀中,苗
北大荒的地,墨
一点配方,万
天下三分人亦散,卜
触火即燃,然
你猜着一半,倩
动手配钥匙,拈
逐一匹配双双成功,四
双双进入古稀年,辍
知识问答哪都有,口
一点不少一定正确,步
桃李满天下,夥
天夺人愿至此生,些
塞下秋来雁双飞,锉
人结同心留个影,答
为了这两点双方要配合,咖
四周围墙隔大火,烟
优质酒不掺水,酿
他先来我后到,伐
丈夫入上席,渡
横跨水中央,丁
生日端水酒,醒
一半脸儿,甩
用土塑成,朔
十日一携手,捍
千金方到心才安,恕
人在左边,佐
久雨初晴,昨
恻隐之心,则
名君如日至天明,尧
日落西山不见山,晒
穷无力,穴
重赏之下,坝
有点点糟,槽
改变环境,坯
扣下一人重安排,提
内阁首相,格
西汉有王匡,汇
不是一,韭
人生有离合爱心永不变,牵
无言心许,忤
不见露头不出来,杯
千姿百态一一开,伯
小两口哭成一团,器
湖边隐约闻鼓声,古
孤舟悬帆江上横,忠
仇人已除,九
接连合十为布施,舍
英国人说再见中国人行个礼,拜
残云遮月花片片,能
享乐在后,孙
献点爱心心无怨,宛
方木运走一半,速
木以何为本,一
和云伴月不分明,县
孟姜无子女,盖
低消费俭为先,佛
看看两角零钱闻闻芳香一片,芬
东风添翼,飞
有心结合,恰
共有二横猜二不对,其
二十载来多苦辛,辜
西城小住听晨语,尘
排除污水大加称赞,夸
上下而易之,血
二十户,芦
别后撰文,刘
占有江东可称王,一
黄昏前后鸟归来,鹊
又立起双杆,竖
金银耗尽为前情,恨
雄心多一点,仆
案中悬疑先后解,婿
与人为善,食
两点人来可先猜,狄
酒后有错定罚款,醋
一来就是第三,内
有心一定先表态,人
色既是空,赤
此人排行第二,亿
江河横溢,泼
离别东坡起身谢,诗
大小正好有变化,卖
山岳隐隐闻秋声,丘
孙新孙立皆离去,析
转眼又到植树节,置
黯然失色日落去,立
江边一钓客,酒
竹下曲径有人迹,笈
散席之后又重逢,度
北宋消亡南宋立,榇
猜谜已入迷,言
临水而渔,鱼
车油不能掺水,轴
命中没有莫求人,叩
夺取一半,耷
差点点,次
一直帮忙还有错,恼
分裂之前,衣
我去河南说相声,象
山中乡乡变了样,幽
二人歪斜前头走看那样子是个贼,偷
正在杏花下,哗
四连冠,宁
洪水退去人安置,供
一气之下来劲头,氢
黄昏却下潇潇雨,酒
听话音是虚心人,化
边吃边喝边吟既尝试又评论,品
人总有点错误,仪
八口人相聚,谷
有人自大占地为王,一
一声犬吠破门出,润
四方团结朝前奔,胃
离别后近三十天,脑
市长去北京,帐
前头我上得第一,首
西部开发不容缓,隐
何谓添丁,甥
虎头蛇尾要不得,虮
来人入行列张口即叫我,五
一一满足方倾心,匙
一生执教亦潇洒,帅
妇女节得十分,寻
一来二去弱点除,粥
寺庙半隐人栖身,府
看戏又要去听歌,戈
他先拂手而去,佛
见禾脱颖而出,顷
十月十日双十节,明
编竹篮,监
南宋相会秦丞相,桧
半掬花上露,菊
人有百万变轻薄,佻
中国移动人人拥有,往
火上加火更生气,氮
对半对半成对有伴,双
只因用力少质量就不好,劣
天上挂着两残月,丽
线切割加工,红
更改厂名,矽
再度看错三围,网
一个接一个下官紧跟着,管
十二大四中全会,美
损耗未能一下降,毛
一心只图翻个身,总
差点一寸,于
老头子滴酒不沾,酵
圈内人很疲惫,倦
虽脱孩子气依然不活泼,氦
八哥闯进门,阅
赤膊上阵,觥
有心求偶人难寻,愚
用心来调理,样
未来一定美好,人
阶前来个自荐人,隧
不谈甲乙丙,订
不要三等品,晶
左右开弓三尺长,粥
白娘子与小青共存,巽
既来之则安之,兔
有月当头笑声扬,肖
鱿鱼售光,尤
八口人海边洗澡,浴
伟人走了有话说,讳
食物往哪去,响
纵使百变亦有迹,造
一一排查得结果,杏
送走不再见,关
张先生携人去川中,佛
十月十日听潮声,朝
一半功名一半财,贺
看见大姐二姐小姐没看见三姐,奈
一住京中三十载,草
至高无上赤子心,一
来者都不沾油水,邮
讲话算数,说
三人踢球一人卧倒,似
明月隐约天尽头,昼
看似搞调查变相游日本,昧
百无一用心有愧,魄
艺高人有胆,膜
一点樱桃献给君,琼
一衣带水近眉山,滚
一叠一叠人民币,羊
有心在前闲不住把心放下记不住,亡
鲁班的徒子徒孙,杠
一人照顾二人等,寺
大小一一提前到,捺
天冷你咋办,袈
一周多三天,早
刘备连取东西川,剂
泳装错位不大美,漾
两树之间,双
三七不是二十一,舍
负离子,了
拧开盖子敲一敲,打
没点良心岂能恳切,恨
少夫人,二
小窗孤雁斜柳,畛
一个篱笆三个桩,州
叶萌百亩干可十围,柜
我到河南真开心,象
有水就有生命,舌
一知半解得十分,短
半数朋友又离去,有
一下降低成本,未
说一是一说二是二,乙
内容虽变还是条虫,蜗
上乘之作实不多,乏
若有人来十分好,封
酒干客散独念伊,一
一丈方圆,更
天下之大堪称奇,一
半载春秋琴音中,秦
一分为二看是非,丰
清如水明如月,晴
改变旧貌争第一,甲
我离开河南,象
兼听则明,总
端午前后,辛
献点爱心得后福,富
差一点到上海,渥
指头触电有何感觉,摩
但闻左右尽歌声,戬
想法落后,湘
一一难舍手足情,提
一方大打出手,奇
妇女解放翻了身,山
早晚晨昏时时见,日
组合木床,麻
荒山荒丘不再荒,岳
汗水流尽,干
男人占多数,妙
人言不可信,认
书声乐声和鼓声,股
贵贱都有份,贝
七日谈,调
加加减减又不对,封
氧化氢,泉
棺前不会放悲声,杯
不见点点秋意存,钻
加劲劳动个个有份,力
人一去就是三个星期,借
双方见面称兄台,允
一去就出丑,生
围墙全部拆除,韦
七十二变,辆
染毒之后人形改,梅
首付一万多一点,仿
上面干在前下面并肩干,弄
十分服帖,衬
回来方得团圆,财
与君相伴不孤单,羊
一日黄花,鲁
长大必成美女,姜
言出滑稽又可笑,皆
胡汉三隐姓改名,泽
大材小用无材用,尖
火速回来过中秋,种
城头一片明月光,旺
一去无踪影,查
古稀方得子,轲
听声音不熟,生
边谈边品可赏心,语
不露头不闻悲声,杯
未见其人,佯
走了魔头跑了小鬼,林
听得净是孩子声,竟
差十分得大奖,将
既来之心安之,慨
上诉无果,皓
日复一日光彩照人,晶
连日不雨,青
集体改编,椎
中国一绝,帼
一时半刻,孩
九九八十一天,楂
用人纳言总不疑,信
哑谜,迷
落点不差,艮
女真侵宋分南北,案
分辨无言有瓜葛,瓣
少生为妙,女
苏州姑娘,娱
站在前边想在后边说在中间藏在脑间,意
老赶不走,旱
减一就不对,韭
来日是春天,奏
实在不愿意看,觑
这个变化真不小,大
选修妇科,倭
犹如丫丫翻了身,从
不退洪水不罢休,共
又生一计,译
未来大好,美
又来才对,寸
出风头得苦头,艾
来人一定要小心,仃
一错连三错人还挺快活,爽
没心情见人,倩
是念上声,士
十分得体,射
一直是大县,套
坐月子坐成个胖子,半
圣诞节后人未别,译
有如山间听雨声,谷
这一点前所未有,斥
心有点大,态
真通未来,兰
元旦三日游台北,允
喜欢听音乐,悦
对人要真心不二,丛
一被否定唾沫四溅,呸
有人扶便得,更
本人退休,一
减肥之后心不恼,脑
劳力不够要主动,莹
抛出东西诱人来,仇
水流成瀑,暴
显然有变化,哑
街前街后都叫棒,行
日日雨不断,雷
满心欢喜,兑
矮脚虎,瑛
山东日出,鱼
广东音乐,粤
前头不见有人来,俞
细微变化,累
丰收一到有看头,拜
携手住一处,乃
一人一口一条心,恰
一官半职,耳
却是旧时相识,做
一对枕头放床前,麻
帮扶有重点,挟
秧田长草没田禾,英
调查结果不公开,昧
天晓得,智
言而有诈心发慌,荒
偏听偏信,唁
打一比方,琨
雄心人人有,众
充耳不闻,龙
两点有人来,火
携手上电大,掩
一到天已黑,喑
点点滴滴不放过,逑
备酒杀鸡独享用,淳
个个生得笨,本
自己人,俄
西湖灯火灭,汀
俩人侍一主,往
有蛇要小心一点,导
南北携手合作,拿
忙把心放下,忘
谓之男儿排行第四,丁
摄影竞赛,揩
不要出丑,物
里方外圆,回
果木砍伐山形变,画
得天时有人和,二
有人发出不平声,厂
一点兴奋,几
大褂不要补,奎
孩子被弃无人认,该
上元景色入画中,鲁
一人归来方从命,叩
百花园里百花开,元
桌椅箱柜样样有,木
用真心待人,奉
南方男子,灯
一方传来发笑声,肃
少点良心成积怨,恨
多多合作,罗
有米就来,一
霉雨时节,每
清明节前后,晴
猜字对一半,狩
一人投命,叩
向左边一直走,句
人在山西住一生,催
黄昏无酒辞上客,洛
同心结义,吝
一人作美齐颂扬,羊
和人并头干,金
站在一边请勿多言,靖
有女可爱以手抚之,无
重复出现,山
理解万岁,里
起风即飘,票
闲时出门看日落,村
高层变旧貌,届
说一声是心声,意
清明前后来分田,湖
西湖一直觅知音,汁
小女争先连称妙,秒
一下变三等,内
前功尽弃重新办理,为
有米要果腹有衣能御寒,需
一贯为人不小气,大
人如有缘姻缘终成,一
如同大团结,姻
移走西边少多半,夕
十分工整,正
其中另有变化,吾
初见端倪,位
曰字加竖不加点,神
接送姑娘,拉
人口增加,估
是儿是女全都行,好
佣人一去不归来,甭
一去无音讯,查
老丑一去无常跑,西
专人联系,传
伟人离去心不忍,韧
一下露出本相,未
见圣上谁也不吱声,耳
人才调配有方,和
好吃,呵
安心就悠然,攸
一个踩高跷一人站着瞧,价
又在左边又在右边只要成对绝不单干,双
有口则鸣,鸟
格格变得太伤感,哭
言而无诈终放心,怎
摆手告别,罢
湖光水月听鼓声,古
是马不象马像牛不是牛,午
减肥之后,月
一贯用心收获大,丰
缺一不行,正
一人留下两人便走,主
分成八开,并
旁边有人,傍
真心待人,仨
黯然无声暮色浓,黑
蚊子一一飞去了,蚁
登门说明,单
得食果腹,包
这口气一定要出,吃
千里相会,重
先上后下,告
待去十来日,得
洋洋万言,够
上海安装组,婶
晋中解放翻了身,显
说的是十一寸,诗
同意一去补缺口,回
沒竖沒横十笔组成,爹
明朝消亡何人得失,苛
见人似笑非笑,竺
逢人未可乱结交,椅
元旦三日游,儿
仆人退下,卜
一口否定,不
部位改变,陪
早有苗头,草
弹头飞出,单
一半打烊,灯
言之有据,正
独自把酒干,配
十载方回西部行,鄙
才进门,闭
松了一口气,吃
可上可下,哥
鸳鸯不独宿,鸽
一直甘居人下,个
湖水消尽月无踪,古
女子组,好
一心要把旧貌改,恒
留一半清醒,酒
双方用力,咖
一直打烊,烂
邀人去放舟,伯
三人同日见,春
昂首向前不落后,百
怕是不用心,白
抬头察看被抹掉,擦
我给你一半,俄
一下见血,而
打的到西郊,较
路上遇雨,露
西凉来寻妻,凄
听众之声传千里,重
马上加入,驾
发言虚心不自满,兼
清除砾石,乐
一下子,了
一一给予关心,美
一介书生,牛
一贯用心习以为常,惯
日落枝头,果
一鸟落江边,鸿
人说乡下变了样,绘
问他吃多少只说肚不饱,饥
革新之后,靳
出言不实,狂
沟中泉水清见底,鬼
幸福在前,社
目前不多切莫浪费,省
花前两对小朋友,蒜
也有先例,他
大一点点,头
吐后又吐,哇
不正则偏,歪
与人解围,伟
无以复加,芜
半羽不存,习
干洗,先
供出一半,仙
孙子走了,小
说话十分得体,谢
残月长相伴,张
登机去西部,凳
真有派头,滇
二月植树,棚
虚心,七
一人取水洗浴,漆
人来照镜猜中请进,入
曾有雄心在,僧
又有耳朵又有心,慑
枕木被水冲走,沈
使劲走,边
绝妙拒女色,纱
梅西右肩顶球,术
田野耳闻杜鹃鸣,胃
言而有信方可交,仃
天寒地冻君何为,袈
草根树心共相思,豉
丑不露头,午
一加一猜得出色,狂
高官千金,安
江西吉安,洁
手工装配,扛
立即动员为西部投资,赔
歼灭歹徒,千
羊头虎尾,羌
大散关上月如刀,前
重头戏,双
上有老头下有老兄,克
前后监视,览
红粉佳人白了头,姥
您不要挂心,你
放他一马叫滚人,驰
大明皇帝,珠
丢了锄头,助
李下正冠,字
春日变天,奏
来日一定能成星,牛
四川古币,镯
人文一直挂心上,悠
江西受益,溢
亿人出游,乙
只有一半,右
剩下二小人,余
闻言无需摇头,谣
此字谁也写不正,歪
盲目出走,亡
六厂联合,产
浇西边摘东边,滴
一心要就业,恶
来人可靠,何
溪畔叶乱月相映,湖
债上加债,欢
且要上去,姐
两三点后方清静,静
儿落湖中,克
有点狠,狼
大散关上辞夫人,兰
点滴节约,占
眼前八分两块地,睦
今天还说要点心,唱
园内空空进入隆冬,图
前番已留心,悉
世居江西,泄
一半功一半赏,勋
优先录用,佣
五点一刻参加演出,宙
剃须刀,弟
俺大人不在,电
留下一人,奋
土话,访
天上人间,巩
古典文学,故
馈送食物,贵
孩子换马心里害怕,骇
一尺多点点,尽
陇西又逢君,郡
女高音,妾
浴后要人扶,俗
有口便吞,天
与人为伍,五
个个相连,箱
失火有因,烟
沅水奔流,元
挥手告别到南昌,晕
个个争上前,筝
联合中心,忠
挨个上念起来,企
此字一点点大莫作头字猜,夹
缩减一半,缄
一去就变坏,坯
佳人迎春入户中,娴
你缺人手更要主动一点,玺
复习目的非为私,翁
有人传令逢场做戏,伶
人在禽在,离
天下归心,夭
老头夜行暗无声,者
春眠夜无梦,森
酒水饮尽已黄昏,酉
二位勾心使勁斗,动
四方给力大丈夫,男
演出时间待定,淀
节约一半反增色,绝
人口流失大半,侃
甚有根基,堪
来日会知音,立
白帝城,谅
骑马而去,奇
招手告别,召
花烛半残,茧
用石做成砚,见
存心依赖惰性即来,懒
羚羊跑了,令
心上只有你,您
翻个根头就干,士
销售部,闹
努力不足,奴
帘下有缺口,匝
种草不要有怨心,苑
未见烟火,因
开会碰头,研
与爱心相连,写
席上少油水,庙
江边结拜,湃
前所未有,斤
屈居人后,倔
伸手就抓,爪
人生便是战斗,丈
减下一横加多一半,外
一去就干,王
好彩头,妥
工人团结紧,天
说对一半,讨
一潭死水,覃
只要改革从此变样,俗
真心不二专念伊,一
不准夸口,跨
心到之处显悠然,攸
射箭传书寄相思,短
窗前不要抛东西,究
毁坏森林后患就在眼前,想
流水尽处石相连,硫
豁出去除害,谷
见到二人,规
惯不用心,贯
有一点机会,杭
花下叶错落,哗
一查就变样,桓
鲫鱼游走了,即
交头接耳,郊
加工成功,力
滤去水分,虑
春芳半已凋,昉
集中一点入户,闽
方得天下,吞
醉后随口说,啐
话说三国美髯公,诩
摘取一半清除一半,滴
故意写多一撇,敌
说不出话来,兑
一字有万点四笔就写全,方
人在其中,夫
多上去定能当爹,父
萤火虫不见了,荧
孟子要走,皿
砍伐森林,木
节饮食,欠
春日人不见,三
一来就灭虫,烛
又添一口,叹
十分合身,射
唯见孤帆,帜
香字少一撇不作杳字猜,杏
土壤流失,襄
我到河南,象
出口成交,咬
有口咩咩叫有言细细讲有水比海大有人是假装,羊
合二而一,面
洪水下降一米,粪
思想不集中,忿
不是普通话,访
麻木不得,床
日本变迁,查
百里挑一,白
删去后半部,册
一撇,厂
四边不见,儿
几点相会,凡
大口加小口坚硬如石头,固
家有千金,嫁
引水浇灌,既
自我介绍,记
债上加债不觉愁,欢
勿放心上,忽
亏得有水来,污
语言有失,吾
衣甲不全,畏
残阳如血映西湖,温
旱天雷,田
天上明显有变化,胆
只要一离开火就烧起来,灭
一到就来,米
两旁有人,俩
前功尽弃,力
大人不在,一
一直像那样,栏
有心拜会意中人,恩
将加变动,另
人到鲁北行,衡
渠水枯竭,柜
多点点就减,咸
春到山东,橹
两人寒山巧相逢,待
人一来体现,木
害及八口人,豁
共同点小,恭
曾经闻得呼救声,旧
上海无雨,户
我到鄂东,除
众人已离开,从
打靶前后,把
枯泉,白
去南岳,丘
明月当空,日
与人俱来,具
临水建高楼,沮
骏马跑失人来找,俊
白搭一批,揩
半数喝酒,渴
一人拼命,叩
岷山下,民
谁见谁都说漂亮分开却是大王八,美
这批已脱手,比
客心留下,备
东坡来河边,波
中心要点,卜
僧人出游,曾
张弓射出,长
钱省一半,钞
少有上品,吵
乞讨一口,吃
九月重阳,畜
少一点为准,淮
华北,化
叫人进去作口供,哄
闺中闲来独掩门,桂
克扣一半,固
鲁班本行,杠
莫要杜兴做鬼脸,儿
合目就睡,垂
一生无邪少缺点,步
灵活变化,灿
炒一半吃一半,吵
有言不说谎话有土不是乡下,成
雪下得小,当
咸淡适中,呵
后面跟来一条狗,狠
一个接一个,竺
一往无前,二
差点成汪,注
主要去码头,驻
早上一别人归来,桌
昨日归去又发火,炸
机身改造,躲
失利之后少露面,秒
一月一日,明
关公就诊,谬
莫要不露头,模
别用手摸,莫
无头案,木
那边放点心,哪
贡献大一点,南
庄稼汉,侬
我不离口口不离我,哦
玉成其人杨贵妃,环
蛇行草上,异
早上请勿来,易
立刻复习,翌
连月不开,用
吃芋头,于
夫人不在儿顶着,元
见了八兄心欢喜,悦
自会下台,咱
先写半点再写半划,战
甚有派头,湛
邻边关系,郑
一来二去主动点,球
配方员,贝
东坡西行,彼
二小在村边,标
涉水逃遁,步
节前调休,茶
莫要变心,慕
只挪走一半,哪
一到就捏土,捏
伸手就拧,宁
双方来聚首,嗫
半个纽扣,扭
干到两点,平
橡树不见人犹在,像
村前发大水,渠
有一日得见孟德,曲
大干变了样,全
说声散来人去一半,伞
放心参加,惨
残月云来遮,层
才全貌不全,豺
阵前脱逃,车
个个长寿,筹
这声音来自钱塘江,浙
无须烤火,考
并无两点,开
没心念,今
同心结,恫
此人有点头昏,低
扫除尘土,挡
行又行不得坐又坐不安,双
一人守更,便
保卫边境,堡
古稀之年雄心在,华
不得偏心,怀
标准点,淮
洁净水,吉
有高官将至寒舍,室
一去就业,亚
个个驾驶千里,笃
古稀之年善结交,较
好不孤独,殚
古稀之年节饮食,软
春来复习更生动,栩
看上去土生土长,眭
多心才惊,京
十二点才來前功尽弃,协
一走不来,丕
个个眼前迎春景,箱
小运动员,唢
给力才成功,工
遥望岭前烽火息,峰
台下少有喧哗声,吵
二人跟后面,很
肯上进不落后,正
内人不在连出错,网
一离仙山凡心动,伉
如何前面不见了,呵
上推下扔同罢手,隽
一去就耍,要
转眼否定,罪
下雪十分美,寻
人一来有姻缘,如
先后抛锚,描
晕头转向,晖
前线有后援,缓
布告前后,右
语言美,诱
非得复习,翡
尤其要先猜,犹
石头露头,右
藏头护尾,芦
全都不说话,路
二十四夜,萝
驱除魔鬼,麻
像手不是手胳膊往外扭,毛
上层无油水,届
人来鹊鸟飞,借
良好开端,娘
给你留后患,您
牛女相会,妞
累得东坡生了病,疲
说话和蔼,葛
人来便成,更
月来胜景,生
只去一半,吐
早早改革天下安,暮
仍无人来,乃
上边留一半下边加一半,男
忙中一直出错,恼
本日大调整,查
有心幸会,悻
八戒入户读何声,阂
大约重阳聚,奋
国庆休假,填
悔改之后,敏
不准吃,馍
石上堆麻又堆草,蘑
地皮也刮去,坡
备酒杀鸡迎子美,浦
个个都是节俭人,签
春节三日,人
回来了倒平安,啬
争先入川东,色
浴后更衣,裕
心却心愿,原
足使个个笑,跃
缺乏动力,云
曾记来人是和尚,僧
大水多一点,汰
长虫就是蛇,它
贴心人多一点,态
倘若无人也要走,趟
不要哭泣,蹄
确实不洋,填
见人就停,亭
搬东西,投
那边有人,队
旁若无人唯我独尊,俄
无关联,耳
排涝,法
万人多点,仿
二人顶破天,夫
连衣裤,库
伸手拥抱,用
前头有难,友
如鱼得水,渔
作者人去言留,诈
十月又到,肢
半边真半边假,值
多人获优,尤
半途而废,余
立定,趾
保了人却成了傻子,呆
生火烧水,浇
放眼一瞧,焦
且需用力来扶持,助
欲诉无言,斥
进入村中就绿化,又
钉头生锈,秀
没有半点兴致,举
此子一来自称帝,瓜
做不得人,故
屋前抬头山连山,掘
半硬半软先硬后软,砍
二十一日抵闽中,蜡
又添十口,吱
微风轻吹雨声响,羽
用木做成个杖,丈
招手告别捎一言,诏
遇见皇后,现
岁末,夕
门人聚会,闪
横三竖四蜿蜒不直,曲
有钱没人借,错
离席之后又回来,度
还有三日是元旦,儿
夫人走了,二
别具一格,吩
话说猪年,该
先后投稿,搞
听听音乐人愉快,悦
为西部改革出点子,豆
加加减减得十分,封
孟姜绝嗣,盖
孩子丢了无人认,该
没有甜头,甘
拱手告别,共
山上山下一片绿,绌
一次方,咨
小孙告辞,子
春天一日游,奏
左一个右一个两个一齐来并坐,竹
转车去了,专
意下如何,恕
四点前会合,煎
红河之中,江
昔曾有先例,借
不要杂木,九
没有一点良心,恳
老子关前连声叫,联
月字在一边十字少一点,脖
上党多云,尝
拆去前头,斥
播音工作,词
初会人已自倾心,伦
埋头干,理
雄心到老,佬
两点抵京,凉
领头羊,羚
有露无雨,路
首先到山西,普
发言议定,义
边指边说,诣
团结如一人,姻
坛前僧人云游去,增
半枕松涛听林声,淋
没有零头,令
姑娘两点入林间,楼
阵前出击,陆
留心脑后,恼
好的开端,女
四双手,扒
娇女出嫁,乔
十八和尚,棠
一去休矣,体
画里嫦娥,胃
家居一方气魄大,豪
一直在人间,个
猜出半句,狗
用力结个扣,拐
单刀赴会,刽
夺去一半还剩一半,过
不着边际,还
一早来聚会,旱
舍南舍北皆春水,混
箭伤,疾
四下寻先辈,罪
重点将二人拿下,拳
出口果汁,沽
还不走又会有变,迹
半数持枪半带剑,检
阵前相交,郊
果然无人信,课
只少两点,口
人相爱心亦随,恋
陇西行,龙
时差十分,日
醉后丢下我一人,配
颐和园毁一半,顽
主要缺点,王
入口知味,未
忽然没了心,勿
最先就业,显
老赵出走三点回,消
消灭蚜虫,牙
几度登山又下山,凳
捉鳖失鱼,敝
功过各半,边
将相和,斌
后半杯,不
口头答应,啃
一到即亲昵,呢
哑巴谈天,批
苏北相逢,蓬
居心不正怕见鬼,魄
可有奔头,奇
用心改革旧貌变,昔
百无一是提不得,拍
一包点心,咆
添上土有斜度添上水起狂澜得了病需休息添上衣能耐寒,皮
提前合并,拼
居易走之,迫
有人占卜,仆
抽刀断水水更流,沏
吹散一方,欠
窗前巧相逢,窍
求得理解后,球
但见秋来泉水清,铂
烘干,法
边线得分,纷
外边不知是多少里边还是未知数,风
两人朝前走,肤
手续费减半,拂
红梅先后开,杠
二十减八,共
今日一去不复返,含
告状无效,皓
哥一半你一半,何
变形金刚,铡
我须先走,预
来人还债,责
月落枝头,肢
献出忠心,中
牛骑人,朱
重点放在上集,准
合并为一瓶,瓦
消除一半,涂
同去左边,司
两棵小树,标
一点半钟两人到,蚕
钱虽少毕竟是钱,钞
本来就突然有火能掀翻手来约五寸人到不自然,乍
两人有前劲,径
转眼桌空人去,罩
步行聚首有滋味,趣
卯时聚首读声嘹,聊
羊来成群,君
老汉帮手查找,搜
人来凑成桌,卓
成对成双,又
一心寻找死对头,性
话说上卷,誊
持刀无益,割
两人分工,巫
进言成谜,迷
秋前穿越横山,秉
江边人潮云集,浍
与蛇共处,巷
不负前行,征
重阳添丁,町
其声隐现内心窘,尹
白首逢春,禾
三点到湖南,相
左边半桶油,沐
刘备去川中,剂
后跟沾土,垦
连衣库,裤
不见旧日人相会,去
釆取四方,番
一月零一天,胆
原始货币用何物,贷
为何出口,仃
土木结构,杜
人说话要诚实,信
一月二十日,萌
撕掉两边剩下中间还有多少共有二焉,其
用力帮助,且
姑娘觅不见,妥
三中六中要减负,一
异乡重阳聚,细
有心愿成,原
下面三扫光,而
立定请不要说话,靖
昨天换了人,作
山东观日落,鱼
天下方定,吞
着我扁舟一叶,途
四目相交巧开口,园
名利各半,和
不要吼叫,跑
调整一半,证
滩前水落,难
立春就结婚,亲
丧失好胜心,姓
个个佩剑前來,签
岩下角落闻雀声,确
演出一半,汕
火山倾斜九十度,灵
吃尽苦头迎春到,枯
一去休息,体
人在底层,会
拾取禾穗,惠
人人有底线,丛
放弃前面就后悔,敏
请君免开尊口,尹
周扒皮,吉
方得十分,吋
竹下伊人去,笋
搞乱一半,括
清除混乱之后,活
趣中闻尔声,耳
不用心连出错,网
有心减去点点,感
命令一人撤离,叩
力争两点左右到,办
千里挑一辅君前,伊
友人确定前来,硼
指右说左,诣
原来在江西,源
树前友人聚,棚
大方小方得平反,啬
多番复习,翻
一点又到闽中,蚤
来日生子称李旺,枉
贼首被拘押,损
抛开左右寻觅人,仇
七十尚骑大马奔,轲
人去何为,可
独赴异乡会主人,维
二人做伴走川中,价
内衣前后缝补遍,衲
忙中一直添差错,恼
人到长亭,停
内去一人增加一口,同
三点二十,汪
节后一相逢,卫
老子在家,闻
西湖月初吐,涓
陇西行留个影,笼
恳请放心,艮
舍得就舒畅,予
出言无私,讼
吹开杏林一半花,嗽
节前帮办,苏
一连几夕,夙
明月逐人来,因
去掉一直,云
话说八戒二师兄,该
二人一来就成美女,圭
开会不要说话,人
古庙旁边把牛栓,特
请勿放牛,物
不要借人,昔
为中国改革出力,汪
吃得不便宜,馈
两人至异乡,纵
谋夺一半,讨
双十一,圭
勿存二心,惚
克服一半,胡
几回心不虑,虎
没有恒心却有闲心,桓
掺水洗手,渗
又字去掉下头,圣
假日空暇看少林,侍
合金铸成,寿
北方大地,塑
出版后,片
毕业之后就北伐,垡
在前排最后,抹
败后出丑,牧
陕西省人,侠
牵手成功,掷
明月光中人相依,因
说得正是时候,谊
方来赴约,哟
长工资,贺
准点到达,淮
各换掉一半,唤
丢了弹弓,单
还不去剃头,递
连夜寻父,爹
一视同仁你我他,仨
退休后双方团聚,侣
十二点重阳聚,单
婚前也曾会面,她
治水去了有一月,胎
倘若无人挺身而出,躺
十分多话,讨
寺前拴一牛,特
剥去画皮,田
干活安心,恬
叙述一半,途
马奔前头,驮
不要次瓷,瓦
用刀剜出来,宛
江边全无人,汪
费尽心思要男孩,町
河水奔流得先防,阿
辞职之后,耳
云南省,二
普普通通半张帆,凡
西沙驻军,浑
零售一半,霍
胡乱插一朵,机
放水入中原,激
采石矶,几
心有余悸,季
人立闺中,佳
很难保留一半,艰
门前竹遮明月光,简
将要吃苦头,蒋
战前选先锋,钻
漫无边际,曼
放眼南昌市,帽
旁边有一虫霸道又横行,螃
内外一条线,丙
左右逢源,冰
提前到九点,执
二点方到村前,柬
只得改直来,嗔
一人隐在你身边,称
盛上再说,诚
一半喜欢,吹
黑土地,畜
人人一齐来,丛
太少了点,大
小山倒了,当
骑大马去陝西,阿
村前银装素裹,柏
两点独自来,首
的哥换班,较
一旦就业翻了身,晋
城池半残破,地
打手出界,丁
花前重逢又交心,懂
丁字上出头前边又加点猜完这条谜人人都说中,对
得奖之后,夺
千金买鹅头,娥
一直做工,二
见人有份,分
草木生繁叶,世
病根半除,痕
银行内部要调整,很
湖水枯干要长草,葫
熄灭炉火,户
移山造田,画
田里损失田外补,回
发出呼声不重视,忽
连夜向前一直走,够
堤西水无波,坡
田畦吃掉虫,畦
共有白云心,其
阵前双刀会,那
留下一点,亩
后悔没人来,母
又到集上听南音,难
部分揭晓,挠
人前人后当跟班,从
破除谣言人人安,徭
不见椰树,耶
择日上映,央
不用歇后语,谒
开头,一
水利,溢
烛火燃尽方来电,蝇
东征西讨,证
个个会做筝,争
春节三日西北游,仑
卸下刨刀,包
换班,便
太原馒头,饼
用手牵牛,扭
省略一半还有一半,畔
后期制作大变样,俞
旷野日落人居横山,庚
勇者出力,甬
叙述之前,途
鸡西历史,醋
一人在中间,束
一点走到桥头,述
一闪人不见,闩
前足碰后蹄,啼
杨柳枝头,森
家要一半,安
梅花半放有人来,茶
小桥架云端,尝
二人合用七把刀,彻
掌握前一半,撑
支持复习,翅
入水则人浮,俘
村后斜雁经庭前,府
夜宴杯不空,案
磨上添米,糜
百姓有盼头,眠
一日到晚,免
犬子成器,猛
请足下担待,提
话说春到人间,桧
登上采石矶,凳
半数赤脚,肚
一夜成名,口
没有心情发言,请
束手就擒,禽
香烟头,秋
最先离去,取
试题全密封,圈
点滴积累可成金,全
破解出一半,确
旧时燕,鹊
与君相伴下西洋,群
若得西湖桥畔住,沐
多次调整工资,贡
脱去金钩,勾
人都有点虚荣心,佗
短兵相接,比
一同到前沿,洞
酒席散后又重逢,渡
语不惊人,评
病了之后且留下,疽
中国得一球,蝈
有水灌半缸,罐
一心朝圣,怪
官居左相,棺
后辈斩仇人,轨
嘴巴合拢,吧
水落石出,泵
一月二日离开昆明,比
二月上山,崩
玉石白无瑕,碧
偏不派人来,扁
俩口同入京,禀
潭水清清,覃
喜上心头,志
蟾宫里面,肿
清水沟,勾
天上星点点,关
超前领取,趣
隐藏树后,权
三星聚水泊,泉
来到苏北,莱
雨润苗心,蕾
本利无一存,梨
拆掉竹篱别靠近,离
层云化作雨水来,漏
下岗之后雄心在,仙
依例开除二人,裂
生火化掉一半雪,灵
大雨一下就变小,零
别把刀丢掉,另
汉高祖文武双全,刘
初到东京,昨
且待二人归来,俎
一点一滴凑起来,奏
东拼西凑没有用,揍
清除碎石,卒
村前足踪灭,棕
这次让她也去,姿
湘西到闽中,浊
远山在水一方,治
前程有失,秩
阵前会云长,郑
抵消后大小相等,捺
红杉树,株
先喜后悲,志
一人比二人高,众
二人齐出征,正
横竖又相连,支
长安一片月,胀
两个耳朵不一样,耶
央求一多半,殃
见信未见人,言
小霸王一去不复返,尘
一言以蔽之,韦
获得硕果后,颗
永居西湖,泳
留下共同复习,翼
谈吐合宜,谊
个人得失,佚
吞下半壶豆,噎
村边放羊,样
两边碰掉脑袋,哑
无一成句,旬
我邀二人来,徐
名扬四方走天下,歹
三人同日到村前,椿
迎春人相会,休
视而不见一笔钩,礼
转业有点心牵挂,恋
内中一人已古稀,辆
杯杯不落空,林
人在水一方,洽
岁岁除夕在京中,咄
春节三日多云,会
丢了那边有这边,随
不见牛头马面,午
除了骨头无油水,冑
为人不坏,食
不用言语心意到,悟
多心才愁,秋
支援桂西,枝
车队缺人重新组建,阵
第一门生,闸
西装一套,酉
引水入津,聿
快语无心非我意,诀
重阳佳节人团聚,畦
用掉一半添一半,拌
放权之中厂变样,板
四方归客心,备
独上西楼探幽竹,笨
岭前月弄影,崩
二人扯皮,彼
为人不偏力无边,遍
乡下变化脱贫后,纷
赠送钱财,曾
允许多一点,充
带头一游,川
此人横竖要相见,什
码头对面山重山,础
秦明先会两头蛇,蠢
此字用心方悟得,五
后劲不小,夯
猜得出色获第一,狎
村头一点来聚会,术
来日定会成明星,腥
晴空一色海水清,晦
苏州话里有错,误
去西方,兀
宫中相逢人相偎,喂
东魏虽亡西魏在,委
杠中有杠,枉
从此放宽心,林
十八相送情心切,睛
一生为官受人使,史
用心整容,蓉
抽劳力植树,荣
人手短缺,任
埋头掏瓜瓤,壤
上客且安坐,宜
村前纵橫又相连,枝
二人前面拉,扶
解国之围,玉
半现妖态面三藏,耍
失去金钱权又空,栈
提前退休,是
采草药,约
村寨之前巧相逢,宋
谷旁有人看守,俗
上台要稳别着急,私
二人与我并肩站,徐
困难之中团结紧,休
有点爱心姐先去,宜
三点到宁波,涌
心上只有我生怕别人强,忌
人人要虚心,伦
台下暗箭射上台,唉
得派二人去码头,碍
本末倒置,未
分开是毛竹合之著雄文,笔
小王和小白同坐石头上,碧
四方卷入这一仗,便
用心擦掉衣上斑,表
北宋出兵,宾
两省去一人,丙
公开隐私,并
一日犹春在,夫
独自会客中,夏
追捕得十分紧,搏
卧掩花窗未解衣,补
一夜浅水清如许,残
左边一点就红右边一点也红两边都不加点就成汗青之简,册
四方借债还说大话,吹
二十一日酉时,醋
一步登天,大
除夕之后是初一,歹
妇女节南京相聚,当
三八妇女节,旧
酒后灯灭入醉乡,酊
两点独自乘扁舟,道
堂下置木几,垛
不言而化,讹
有客来临频让步,额
进门方能听得见,耳
三八前夕,萝
辩论赛,皆
拉她也不来,接
花前柳畔保贞操,节
穷根定要去,劫
一周内到达江西,洁
一人走高跷,介
两个小木偶,禁
三明初会,晶
客气话,警
为百姓目不能眠,民
城头一轮明月隐,坦
方至陕西伊人去,郡
草方配成香气浓,芳
三八红旗手方到,妨
星临万户,房
纯系地方话,访
激动无语泪先流,放
落月照川东,肥
千人一口称活佛,沸
着手装扮,分
一只狗张口叫不休,吠
古稀江边乘扁舟,涟
亲手题诗默无言,持
先绕一周,绸
独闻小贩吆喝声,读
闽中奇才世无双,独
陕西人,队
丢掉上头前功尽弃,劫
日光耀眼,晃
梦游少林偶得句,够
一字有十口历史很悠久,古
湖光水月鼓声扬,古
船方离去又返回,般
城头两人赏秋色,锉
分到江西,汾
秋后梧桐半凋零,焚
内心转变带头改革,愤
二三个,奉
人要有一点雄心,伏
腐肉已除,府
直到进城后才知是广州,兰
人来插一杠,栓
两点结冰,水
提前全到,拴
牟利一半,私
心牵四方,思
束在中间吹散两边,嗽
有点偏听偏信,诉
早上一别人再会,桌
走西口,兀
认得影后来看病,诊
拆除一点增加三点,浙
一直一撇一点,真
睁眼瞎,争
整改之后,政
义同手足成知音,肢
年初设计获批准,许
一气之下奔异乡,纥
欢后消前嫌,歉
家里杀猪贺生子,字
观察不到中间,宗
抢先接旨,指
表面不心急却又眉紧锁,皱
竹子,笋
自古清明少有晴,湖
清净点点请莫言,静
十车兵器,载
亲人去后室内空,宰
我们来自四方,咱
句中改两点,匀
唯有东西夜雨声,预
悉心看守无人偷,愈
对君倾心两相依,琵
花开之后方闻香,芳
利前不贪有后福,副
山东省一曰游,鱼
倾心明月下,旨
三水压倒山,当
西瓜里有子,孤
一肚生下龙凤胎,好
三个十不出头,正
一半满一半空,江
早不说晚不说,许
头戴金冠称大王,主
嘴巴不多却能闹,吵
双人同过独木桥,从
有人本领大能在云上飘,会
偶尔多一人,你
一了百了,皖
拿不出手,合
愚公之家,寓
八分之七,版
路要自己走,起
十八中有口,束
文武双全,斌
少小离家老大回,夭
一二三四五六七九十,口
一加二不等于三,土
抓一半跑一半,抱
十二月,青
横山上面三根草,当
多少一半,夕
表里如一,回
相见,规
颠三倒四,泪
房顶上盖草,芦
建国方略,或
书签,颊
半朋半友,友
人在白云上,会
四张嘴没头没尾,田
干涉,步
一阴一阳一短一长一昼一夜一热一凉,明
家中添一口,豪
天没有它大人有它大,一
依山傍水,汕
美好的开端,姜
抽水泵,石
不上不下,卡
绝色梅艳芳香消花已谢,丰
西湖之夜,液
一个病老头女士人人求,瘦
因为自大一点惹得人人讨厌,臭
李字少了木不作子字猜,一
加减后得十分,寺
尖在上不在下,小
转业之前留一手,挛
燕山有只燕头尾全不见心口送猎人翅膀在伸展,北
一对燕子天空飞一只瘦来一只肥一年四季来一次一月倒要来三回,八
波动舟留求剑痕,必
不要不好意思,土
一来就当官,史
小虫有文化到处嗡嗡飞,蚊
半个朋友,有
老头耍滑头,嫂
王白两先生坐在石头上,碧
流水已逝去孤树竟成荫,梳
日子变了,阳
千金之子,媳
会心的一笑,兑
喜上眉头,声
山连丘丘连山石山土丘紧相连,岳
独眼龙,省
左看两点水右看水两点细看不是水敲敲硬邦邦,冰
来日是大暑,奢
风吹草低见牛羊,蓄
三十天除以二,胖
舌头,千
本市一游,柿
僧人去尽寺半存,增
偏旁部首,位
方其中圆其外,回
水流二道相间三尺,渊
点点成金,全
宝玉出走牵连下人,定
一别音容两渺茫,查
居心不正吕奉先,希
话说光武帝,诱
上下二十日吃不到口里,乾
生有一子号青莲,柏
一旬少一天,万
挑担有买卖,捏
上面有两个底下有一对,竺
借钱得把东西送,错
十个哥哥力量大一切困难都不怕,克
吕布桥边起芳心,秦
古稀之年又重逢,轰
一字四笔八个头内中有水不外流,井
西汉衰亡东汉兴,双
吕雉半作无知状,唯
左看三十一右看一十三,非
上面去下面下面去上面中间去两边两边去中间,至
女生一白遮百丑,妞
灿灿火光相连岁岁除夕团聚,出
林字多一半不当森字猜,梦
完颜阿骨打登基,键
恻隐之心人有之,侧
有水不清洁,军
如有人缘成姻缘,一
狗吠声连户内外,润
二,息
小船儿轻轻飘荡在水中,心
可上又可下老二喊老大,哥
如把泰山倒过来,仗
一个小朋友进门瞧一瞧,问
古竹参天,笑
一箭射中缺口,医
秋叶正离离,和
果儿在上头苗儿在下头鱼儿在中间其实在里头,田
人人动手,竿
有心求偶无人理,愚
春节二日人已去,一
二十六不足二十八有余,共
初听鹧鸪啼,鸣
半帘残月听蛩声,穹
入闽中已三周,蜡
七仙女下凡,几
从上至下你说念啥,坐
云南昆明二日游,能
后村闺中听风声,封
变相回扣不堪入目,操
一日千里,量
一生无邪半尘不染,址
看颜色漂亮见声音响亮,靓
千里江陵一日还,皈
没点良心人切齿,恨
湖光水月鸟飞鸣,咕
真到长大才变美,兰
如今少女有派头,浛
您说此字不难猜成双便是好伴侣,月
五双,支
出手就打,丁
天方夜谭,歼
人生有变爱心不变,牵
学一段会下段,尝
左边不亮右边亮两者很少同时露面合并起来亮堂堂,明
此字不凡仅四笔无横无直无钩曲皇帝见了要起身圣人见了要施礼,父
才始送春归,材
恻隐之心人皆有之,侧
左边绿右边红左右相遇起凉风绿的喜欢及时雨红的最怕水来攻,秋
未来成果多,哆
拘留三十天,捐
左边一个缺右边一个多,价
连日有雨,雷
小心一点走上来,寺
见人就笑,竺
又添了一口,亟
视而不见听而不闻,祈
别解方有味,未
四面密不透风中间常刮北风,图
海市蜃楼是幻景,觑
若不造反未必会乱,举
个个都到贵阳来,巩
客心点点寒意起,冬
年终岁月不缺鱼米,鳞
上八是倒八下八是正八十字当中架人人需要它,米
阢家杀猪,院
春夜来雨报平安,泰
再加一点点力,苏
两个连顶上一个师,筛
左边九加九右边九十九,柏
同学少年多不贱,篑
一个小锅炒豆豆,心
一只大黑狗不叫也不吼,默
听有看无古有今无叶有花无,口
又托一叶寄知音,吱
对人要格外大方,徊
花一半叶一半,华
一时差十分,旦
十一点点十一,幸
口中有十八,困
上海居民,伸
去村后割茅草,柔
上面出头说原因下面出头是冠军上下出头是上海都不出头在农村,田
一向上爬忘了本,未
内乱到后来变心,恻
一字三两点一直未猜出,羊
虽有十张口只有一颗心,思
轻舟逐浪送离愁,秋
西伯适遇姜太公,倘
多一点能吃少一点有用,术
反手上篮逼声近,笔
直上云端,去
遇火燃烧遇水挨浇若猜尧字智谋不足,林
投我以木桃,兆
声称掌握了一半,撑
连日多玄奥一定要解开,蓄
日落看木偶,梦
言来会佳人,谁
分道扬镳,路
考前整日在复习,翥
画龙未点睛,省
秋叶落后人全离,程
一旬,早
牛羊合群,羞
朝来见古庙,广
残月下西楼,屡
何须杀人灭口,丁
峰峦重叠草出芽,茁
一口吃掉五颗丸子,熟
石字出头不是右字,岩
一月又一月月月紧相连,用
早上莫来傍晚来,暮
二直又二直,坚
两个太阳,昌
做人首先要大方,烟
六一的活动,韵
分开三个人合起来是一群,众
一块豆腐切成四块放到锅里盖上锅盖,画
溪边林木森森,染
二人同过独木桥顺着次序往前跑,丛
不是上不是下下在上上在下,一
心系人家生妒忌,妃
平反回来,啬
一字不撇也不捺,十
上身是小山下身是大山二字相结合全身都是山,岳
反扣成立,啦
一横一竖写一回,固
右边有左边无后面有前面无,口
中学人生起变化,牵
老鼠不见了,一
空山之中一亩田,画
上头在水里下头在天空要问家在哪老家在山东,鲁
助残出力献点爱心,宜
名扬四方芳心倾倒,外
先写了一撇后写了一画,孕
带鱼不多,羊
古稀之年心不悲,辈
涂上白反而黑,七
三人结伴来嘉兴,秦
正确对待错误,艾
讨人喜欢,竺
汗水换来了庄稼,秆
财色当头总失败,负
宝玉不在姑娘在,安
安心疾已平,俞
有耳能听到有口能请教有手能摸索有心就烦恼,门
写上去,与
短一些再短一些,此
东西南北心相连,愣
左边二十日右边三十天,朝
兔子耳朵,聊
自相矛盾,卡
已有一半又制一半,判
负负得正,止
出口成章,吝
宣德瓷器,盟
日出有景,京
一日恰逢兄台来,比
油画一幅挂帘前,演
片云残月带三星,泓
平桥改造见奇观,罕
十二月江西见面,清
不拘一格,呸
及早自立谱新篇,章
不得不露头,杯
林木森森,杂
点火就可燃滴水能润苗,尧
从上往下数只有人一口,合
先先后后见是非,靠
多点爱心来安家,嫁
杏枝又飘残叶落,林
山西省阴,亚
十两多一点,斥
妇女翻身,嬉
田字不出头不许申甲由一笔添成字算你是将才,团
一家十一口一家二十口两家合一起万事都不愁,喜
男人的世界,妩
万万见不得人,乙
有人不正无人不圆,扁
酉时一到自然醒,星
月下二人踏碎冰,滕
吃尽苦头三十日,胡
只要有才就能生财,贝
洪武口谕,诛
扑灭火星,一
喜上眉梢,声
句中有一字每月猜三次就是秀才猜也得猜十日,旬
窗前飞燕探头来,挖
丢人现丑,件
海棠开后残梅落,淌
家有小女十一出嫁,尘
需要下面团结,耍
平反回来住西城,墙
问心只自可对苍穹,吴
双方以仁相待,倡
点清数目方知大,方
奋力大扫除,男
断桥残雪看不足,霜
春秋战国后,臻
某人一直都不在,甘
一统江东吴始立,呈
前轮不见了,轶
只因改革得安宁,寄
田字出头不一点不念申甲由若念申甲由不是好秀才,神
明日分离无人相伴,胖
星出日落,生
一退六二五,辛
高老头,主
大口加小口猜回你别走要是猜作咽还不放你走,固
龙凤胎,好
一口说出两个日,唱
一气之下拂手而去,氟
独驾一舟千里去,元
秋波相送董仲颖,棹
唐宋八家杨州八怪,做
一日不见如三月兮,晨
宋字去了盖不做木字猜,李
推门望一望门里一大将你说关云长他说楚霸王,扇
个个相助汗水流,竿
一手力量大如天竟能搬到一座山,扫
孔雀东南飞,孙
红梅开后冬已残,绦
雨天没有晴天有田里没有堤上有云南没有贵阳有,日
春末夏初,旦
人人围着坐,土
见脚就踢,易
从前有个人,众
有点曲折,之
三五成群,积
立字当头为之一新,析
其中真心差几许,一
残月高高远山重,弦
分离前后,凶
有兄妹无儿女,味
上也日下也日早也热晚也热,暑
有水可养鱼虾有土可种庄稼,也
八九点钟的太阳,晨
除夕之夜,多
十日谈,询
且到江东去,沮
跳者有走者无高者有矮者无智者有蠢者无右边有左边无凉天有热天无,口
满汉全席,妩
南字反方向口字在中央上下廿四点捉虫是健将,燕
层云隐去月当头,屑
三人骑头无角牛,奉
遇水一片汪洋逢木可闻花香,每
前前后后和为善,羊
上面牵头下面紧跟中间一一配合,奈
一横一横又一横一竖一竖又一竖一撇一撇又一撇一捺一捺又一捺,森
今别贵州去,黑
田里跑到田外不能当做古字猜,叶
待到重阳日,晶
牛羊住一起羊尾都挤偏,羞
两水会时见清浊,蜻
宝贝嘴巴长头顶,员
小女月下多娇俏,侨
沧海变桑田,汗
低声相依来说媒,楣
上下前后都能找到,一
有水能掀三尺浪,粮
冀南没有冀中无,北
八十八家家有它,米
黑狗,默
太阳落到西边,晒
夫不出头鸟儿旋,天
尔字有人陪,你
十个太阳十个月亮,朝
休把旁人抬太高,乐
座上没有人,庄
千人居北佩着刀,剩
肥一半瘦一半,疤
耳有所闻,门
我是人,俄
新婚之夜没有床,音
彩虹,艳
结实,夥
言对青山不是青,请
一天又一天,昌
四方同心,愣
四张嘴有头有尾,电
半价出售,催
真一半假一半,俱
门里有个人,闪
桥下来会友,爱
告别,扮
一人拉弓卧草中,荑
手高眼低,看
两狗谈天,狱
钢丝绳上走,丛
老一半早一半,者
半册多一点,丹
七个人捡贝壳,货
千里归家,闯
山水紧相连,汕
无边落木萧萧下,日
又到村里来,树
身高一寸,射
羊的眼睛,着
一到就坏,夕
一直真心相对,非
一边有水一边干,汗
两个口一条心,串
正说话,证
一二三四五六七八九十,垤
小狗身上长满了嘴,器
拜佛,拿
齐心同上高山,岗
驷马难追,诎
柴门闻犬吠,润
石头撑起一座山,岩
猜字谜七十二小时,晶
画中不是田,十
心有圣人,怪
大河上下顿失滔滔,奇
天下太平,晏
只剩下耳朵,除
喜事临门日在心,间
六一儿童节,竟
汽车到了站乘客人不见,乖
前滚翻,潘
立着的木桩子,亲
少林寺旁有两人,待
本聚在元宵,舞
嘴巴长痘,凸
多一半加一口,名
中午聊天,许
半路出家,阁
千里共婵娟,肿
什么车没有轮,风
水禽,鸿
看见草帽,宽
闪动,们
是也不是,地
南岛风光,岚
又来一个,双
早安,晏
脱口而出,咄
门里阳光照门外雨飘飘,涧
月亮退下,腿
暗送秋波眼睛闭,眹
不张嘴问用耳听,闻
埋头创业干在前,垭
少走几步,赻
知道就说,智
看万山红遍,瞅
不行水路,赶
九横六竖,晶
大脚丫,距
天下同心,合
心中有我,悟
老辣,辜
划拳,批
文武双全的富二代,娬
不走,还
九加九,木
一棒敲开天,未
一百八十两,析
命令舌头不见了,古
学会一半,尝
十一相逢当碰杯,干
一心工作到白头,忤
让子弹飞,了
没有脚就危险了,危
星星和月亮,腥
甘心隐退,廿
大小通吃,尖
我有一物生得巧半边鳞甲半边毛,鲜
一脚踢球射门,以
东方的太阳,晋
别走,还
木钩一点,朩
丢了钱,铁
金木水火土,衙
我独不得出,圄
十加二十,卉
举手之劳,捞
了却心愿开小厂,白
有钱,贿
狗王之言,诳
不是鸡毛是宝玉,翡
待字闺中找婆家,嫁
春夜喜雨,泰
人举双手,火
我和猪,象
大中小日,晿
非典非典携手清除,排
夕阳西下把话说,名
家有千金一枚,嫁
雨后天晴太阳隐,清
手足情深,捉
木偶的脸,检
千人一家,稼
西餐不可少,刈
句子,鼩
半山半水,汕
三人在天上,奏
徒步的文人,这
冲出包围送出关,违
火锅,烫
乔老爷上轿,车
两个高尚的手,撑
中国开放有奔头,因
一来就坏事,歹
散打选手,撒
残月映湖中,舌
茅屋,芦
初一到十五,胖
带头改革务必出力,麦
遇水则清遇火则明,登
睡前熄灯,盯
残月北斗一星沉,沁
初秋女装,委
不是四,罪
一斤出头,岳
元旦前后共相聚,其
文明交通,效
变心又惹是非,怪
明月隐高树,杳
没有恒心一事无成,旦
一心为别人,舒
黛玉,婪
每日一句,昫
王的圣旨,玲
令堂,诲
亲人分别,禽
三点河旁落,可
门内有耳听得见,闻
病来如山倒,疟
白吃一口,乞
一颗爱国心,宝
台湾同胞的心,怡
山东风光二日游,鲸
头带金冠称大王,全
西施,俪
一大一小用手按,捺
未落一字泪两行,湘
有手有脚,捉
左十八右十八,林
十一个月亮,肝
孤山之夜,岁
前前后后团结一致,豆
一应俱全,仝
山影重叠云散动,幼
远看像头牛近看没有头,午
家在石头城畔住,琚
以身作则,侧
又上小桥头,椒
金裤衩,钗
心里满是泪水,感
异乡奇遇,绮
童声组合,竟
不努力又被淘汰,女
花前月下陈前情,荫
儿女成双,好
一心到宁波,恿
孙二娘会夫,靓
力大无穷被草压,荔
日色过午,昧
同心干改革,旱
骏马奔驰去不还,逡
叩见君王,现
户下占一位,启
千里相逢春草生,董
草盖三星,蕊
王子掌勺,玓
灾后八方来相助,炽
人去就当官,使
几内一日,凬
一寸的身高,射
二人土上说分明,主
未去朝天子,群
危机关头要团结,多
闲人免入,企
南望枝头李子落,琳
闪亮的心,恍
光棍打车,辇
关上你的右耳朵,联
宁可分离须同心,亭
千树万树梨花开,檄
四十年间一夕逢,舞
月光如注,清
水边的怪兽,漪
九九之弟,杂
辽西烽火起,逢
音乐让人心动,意
此人有偏见,扁
骑马出门闲不住,椅
两个十八岁的小伙子烧火,焚
四方春色正空前,躁
提前到达,挞
不好的贝壳,资
洞房花烛夜,窥
丰富的水源,沣
次品的碗碟,盗
西安夺冠,要
凶手倒下了,抠
分出一半,岔
有才能先脱贫,财
八千个太阳,香
水边的老虎,演
读者看似有钱人,锗
一木口中栽非杏也非呆,果
刀口行走,超
画中一人独耕犁,佃
丹朱,赫
如来上西天,娱
一心只有改革,总
西江月怀古,湖
专心致志,士
今日双王争霸,琴
双双结伴去异乡,缀
八尺见方,咫
两个人七把刀,彻
木偶,林
枕前芳心辗转,朴
白首雄心志不移,恁
火山上的兰花草,烂
似我,豫
一闪不见人影,闩
一生同心,性
他改革有方,施
差点发大水,汰
四面环山共拱北,冀
牧羊姑娘,妹
草因逢旱早凋零,莎
胡思乱想不专意,忿
叫人孝顺的文章,教
携手倾心相依语,揩
清楚后为时已晚,梦
火热的言语,谈
十月早晨雨水多,潮
大暑避炎阳,奢
生意火在岁首,灿
自白,记
个个思凡红丝断,筑
放刀的仓库,创
完全无头绪,玩
清晨日出,辰
提着锄头挖和尚庙,持
西楼一曲金乌坠,槽
村头放羊,样
电大广播,庵
职务变动要安心,聪
一二三五,罢
加多一点点,平
昂首向前心一条,怕
女生,姓
西北东北隔千里,乖
春秋半步曲,秦
渔村半落夕阳中,橹
一口吞下人与刀,囵
如意同心结,音
两丁抽一,丙
贵妇的生活,娴
九手力大无穷,抛
一辆飞车带人行,丙
皇上的耳朵,聋
寒山寺前牧黄牛,特
十人合一,木
手在树上采摘东西,采
重庆缺水记心上,愈
小丫过六一,卒
四人搬运死者,煮
双方马上安排,骂
投放资金有方,咨
人未改变,体
鸿雁于飞,江
山上还有山,出
十一又加一,坚
丸子滚到月牙旁,肒
亏欠一斤谷子,欲
竹林下的小妖,笑
千里归人空白头,香
十人一日吃一口,本
大家不承认,籁
半坡村前来相会,杜
富头少了盖,畗
放了上集接下集,林
转眼又是一天,曼
站着的女人,妾
皆大欢喜,筷
事事留心,吕
花岗岩脑袋,茁
差一点亦倒了,业
开门见八哥,阅
弓上两弦欲射月,胇
史载一官员,吏
乞求添上一横眉,气
一加一不等于二,王
先走,选
秋后的蚂蚱,烛
休言语,吾
全力协助,且
相依相伴对残月,羽
田上一把刀,鱼
目,置
春风三日草木多,茶
太阳上有树,杳
集体面貌有改观,椎
月下度重阳,胃
西边挂着告示,票
号召上下团结,日
天字开了口,升
张开嘴的贝壳,员
半是苦涩半是腥,湖
两夜得一句,够
有水平者得高薪,萍
尽力去办,尺
玫瑰半天两倾心,琵
心系冀中,思
有山有水好风光,汕
拥挤,侈
纵横天下为皇上,皋
风雨前头夜归还,夙
皓首西征,告
市长的高帽飞了,巾
北方的月亮,背
立着走路,趇
紊乱,纹
空前未有,工
一对秋波眉相连,丽
花前双方表爱心,营
土字头上戴帽,壬
雨后相逢,霜
恰好七夕一相会,死
六一早上聚会,章
纵横一方,叶
藏身于几棵数后,躲
泉水向西流,泊
无尾母羊,姜
一家有七口种田种一亩,兽
香气连夜传,移
减一正好六里,童
一加一之和,程
生日宴,安
离别在眼前,盼
君家门前水,润
两人并肩有爱心,怂
赛前留一手,批
一条长方形的鱼,鲂
吉祥的刀,周
虫有两个口,蛔
大米染色,精
九日太阳,旭
村里又来了一位女村官,树
竞赛推后了,批
何日水火能共容,爆
别壮士夜临易水,浆
明日去电大,腌
忠诚又可靠,实
田上千地无边,重
后备力量,男
证言不足先放行,政
八哥心儿向左偏,悦
人口结构要改变,丙
行中佳人忽然不见,街
日上心头庆六一,意
夹生饭,炊
一等鸟类,鸭
视而不见怎放心,祚
要带头破格用人,贾
里应外合一马当先,验
不语自含心透情,请
蜜中掺水,泌
寻根寄语,讨
头球一一出了界,大
伊人不见问无门,君
人日立春,三
平水泛舟扬孤帆,忠
大雨下到横山上,雪
勉力为之,免
泪落枕边,湘
提前安装,按
横眼看字丢一撇,罢
员外很给力,勋
暗淡无关,泣
湖中舟前耍大刀,刮
海边云间直相连,法
夕阳旁的晚霞没有雨,暇
九九重阳,相
前锋又进一球,钗
两个十八岁的小伙子被雨淋,霖
一人领头,伶
俺家没人,奄
冬天生病,疼
主持离寺,拄
小三重病痊愈出院,川
七十有后福,辐
当日作业,显
携手走进龙年,振
思,十
独具匠心立榜首,新
别后无人伴,判
后半部续前半部,陪
日出映西湖,泱
争先恐后到横山,急
母马,妈
第一突破口,匣
中国排球,王
大江截流展新姿,全
月光照在土地上,肚
伟人虽逝话犹存,讳
三十六计选上策,趣
小青有心眼,情
有右耳,郁
鸿雁高飞江水流,工
家前路头一见倾心,跎
两口子坐在狗身上,哭
不好碰面,孬
木水火土皆是假,镇
一抹斜阳水清浅,残
会走路的豆子,逗
与君府前会,廊
高山颠倒,嵩
少小离家心不离,必
雨来山倒,雪
龙年头一天,晨
冰轮偏向城头挂,肚
提前一日到达,担
层峦叠翠春草生,茁
真心相随需小心,慎
四面八方都是二,回
日文,旻
君口一开人即来,伊
有人站着吹口哨,俏
尝甘草,甜
赶紧占位置,站
炭,樵
一人站在小亭边,停
女人话少便是好,妙
竹林卧龙,笼
荧屏小姐,囡
洞口丛草生,茓
人人有关系,从
两个一般高,篙
相思泪一旁,湘
三丫头,羊
夫人差矣,二
一人一斤,伒
短笛悠扬绕上空,宙
安置就业无心虑,虚
无恒心则一定落后,宣
竹子下的肋骨,筋
桥头骏马飞,梭
太阳落到山脚下,岁
茶树之间除草木,人
点点积累求广知,痴
十一点进厂,压
放眼戈壁中,渺
两堆土旁一张皮,鞋
三水扯皮草下卧,菠
笔端由缘共此心,簧
一共六十天,期
与人方便,更
洛河边长草,落
恋人无心又相随,变
一黑一白一阴一阳,明
大气底下藏山河,氯
只剩下一只耳朵,职
阵西何人去,阿
五个人说话,语
增损格,吉
画中芳草入眼来,瞄
捐献衣被表我意,皮
羚羊奔走雪山下,零
湖心亭中,咕
参政之后树雄心,修
二十上面一个口,呈
会走路的舌头,适
胆怯无能把心迁,去
离厂还有五百米,厘
灯厂失火重新建,厅
上边像羊下边像牛,羞
织丝的工人,红
框下躲一人,贝
心如寒冰水儿止,怜
一串对折分两边各一半,中
羊儿游水波浪动,漾
刊首寄语,讦
一头牛在独木桥上走,生
水上三人叠罗汉,泰
白鹿溪中过,皫
来客进门要脱帽,阁
歹徒潜入凤巢又不见,夙
大水把土冲平了,江
披麻戴孝的鬼,魔
朗月清光入门来,阆
东坡补衣,被
草下站巨人,苣
汪汪流水今犹在,琴
太阳底下生火,炅
有心记不住,忘
看似心平实非平,怦
若要成功须出力,工
羚羊奔走在岩石上,岭
刀口上行走,迢
你一半我一半,伐
抬头往前走,拄
劫后喜相逢,嘉
一口又一口,回
行人靠右,佑
记在心上口难开,忌
抽出劳动力去栽树,荣
去一人还有口去一口还有人,合
一个白人头顶宝,宿
僧人不露面,曾
半取半送,联
巾挂杆上,币
头发是湿的,泼
人口一增心牵挂,恰
明月半边天,有
乡下变样靠四化,织
庙里坐着土地公,庄
弓箭之中夹稻谷,粥
徒手缚苍龙,振
横山下起火,灵
咱们工人有力量,功
望美人兮天各一方,娱
见人就变大,一
山峰连山峰山头草青青,茁
家中卖猪赚大洋,完
半字剃头发,干
岂能舍我留残梦,岁
黄昏前后,昔
二刀一并立阵前,那
门,启
一言一寸,讨
欲说无言因心直,悦
飞蛾扑火虫自灭,我
一尺多一点点,尽
轻轻把手招却见人狂逃,迢
来人已见闹市空,闪
木棍上边串个太阳,申
过去三日就是春,人
雁行一点上高空,突
旭日东升映窗前,究
山上有山猜出不算,岳
黄昏有阵雨,酒
解闷散心邀人来,闪
借才生财,贝
品德优良的女子,娘
迁入一口求其宜,适
摆酒杀鸡送仙人,汕
横遭囚禁,因
天无它大人有它大,一
有雨放假无人来,霞
盆上装无金的钱,盏
小白进工厂,原
有耳能听到有口能请教有心就烦恼,门
上下不分,卡
广州城内尽是土,庄
一王持一匕二王比拼,琵
下看八个口,㕣
人人见了都会念错,错
寺庙顶上竹林生,等
一大堆钱,鑫
广州城内林子多,麻
你一半我全部,俄
今天的贝壳,贪
两根扁担夹太阳,亘
烟缸,盔
有心走不快见水装不完长草难收拾遇食就可餐,曼
首相安倍终变傻,呆
船的一半还是船,舟
月亮肩上站着北,背
木头和羊背靠背,样
骨头上面长跟毛,舌
林下看夕阳,梦
二层楼开四方窗,噩
姜姑娘变成盆,盖
吾心自与客心连,夏
草盖鸟身,莺
左看两点水右看水两点,冰
昨日去与人联系,作
两目不同心相连,想
加上两点就能飞,乙
工人出头,土
军事论文,轮
吃一半扔一半,扣
第二次会面,观
一边弯一边胀,张
分手,扮
昔时人已没,借
新衣中间破大洞,哀
喜羊羊生病了,痒
初升在首都的太阳,景
有水把茶泡,包
两人一来就拜师,走
石头砌成墙,磊
水边又是四个太阳,漫
接二连三,日
桥头佳人相道别,桂
厂里养的狗,厌
留下一片心,思
莫作止字猜,步
推广到户,庐
除夕残年又逢春,桝
骨头掉在水中,滑
海边虚无出仙山,侮
鱼一条没有田没有刀,一
皇帝的新装,袭
埋头创业心无虑,墟
加减乘除,忮
心上有伤疤,必
灰,尘
一直来得早,日
什么房没有门,心
君子身边牵只羊,群
东邻芳草已凋零,防
竹即无言诗,等
上下只缺一闩,卡
官人竹下纳凉,管
没顶之灾,火
两根竹子,竺
田下埋月,胃
冲出包围朝前进,韩
人失足,牛
唯念难中可相依,何
街中积水地形凹,洼
什么猪没有嘴,雨
埋在奴家心底,怒
没有人难为他,也
工厂里面的苦力,历
竹下马一匹,笃
送走观音使不得,还
神况一半,祝
娄底商人该卖绸缎,缕
爿,版
汉朝没水,又
水是眼波横,泗
拔草洒下汗点点,萍
牛头马面,乌
句多一横难成句,旬
两只黄鹂鸣翠柳,精
春去三日二人归,众
十滴水,汁
拆掉围墙有人来,伟
走在上面坐在下面,圭
两轮明月,朋
带有病菌的风,疯
先一半后一半,告
左边有人,佐
水库,沧
兰舟一去人独归,送
树上挂着白毛巾,棉
火上加火烧野草,菼
欲言又止,认
勺子镶金边,钓
二月平,朋
人约黄昏后,炅
心死相依,忘
名列前茅,茗
半阴半晴,明
山中无老虎,珅
驿外断桥边,骄
从上至下广为团结,座
小狗一身嘴,器
一点一瞥罩一人,庆
这一页,题
开口就要钱,园
室外一轮红日家中一辆破车,晕
两匹马,冯
雨落大海不见水,霉
百友原来是一家,夏
二人扛根大木头,来
东南西北无弯路,置
一错再错铸成大错,爽
穿蚕丝的人,绪
增白皂,七
光字削发,兀
送你两个糖葫芦,串
众,侈
一位先生要走了,选
四张嘴有头没尾,由
人头两点四横长,美
神农架,枢
畔,日
横竖你最二,井
日迈长安远,宴
什么花没有叶,梅
两个小人,余
步行过河,涉
乘人先走了,乖
一只小羊在喝水,洋
十人,什
黄昏时候,晒
一个人坐在席子上,可
危楼高百尺,好
一个见字一个心,少
后羿射日,畀
一个螳螂一个车轮,朵
淋浴,哈
令人落下两点泪,冷
一桥飞架南北,工
失去凡心,几
最费时的工程,秃
太阳灶,心
四面都是山山山都相连,田
咋若无口日镶边,昨
锄禾日当午,香
八一起义,交
卖丝绸,周
天上下雨大山倾倒,雪
心大一点,态
村前河水流,柯
孙中山革命未成功,燕
比九多一点,丸
存钱到中行,衔
拿叉子挠马身上的虫子,骚
或多两撇有文采,彧
把手放在眼睛上,看
用尽心思为夺冠,奋
无风荷叶动,衡
女子倩影留,梦
天际孤帆愁别离,穗
撕去画皮,田
东边我的美人西边黄河流,何
马儿留下两滴泪,冯
小羊爬树,样
四十五天,胖
悔当初吾错失口,五
丰收年,移
千里来相会,骤
人在其字为位,立
小子戴高帽,享
早上,日
左边绿右边红左右相遇起凉风,秋
上看十个口,古
半疏绿竹西归见,缆
有心变成情人,倩
一会儿,兀
心不左不右不上不下,忠
美艳惊得丰躲藏,色
两个十八岁的情人分手,棼
天生一个仙人洞,吴
羊栓在树上,样
犹有优人去,猴
莫念杏困呆,束
魔鬼死了,麻
三面有墙一面空一个小孩坐当中,匹
人在园中,囚
回国团圆个个有,口
有功有过各占一半,边
六个口,吾
直立行走,真
一点一点分一点,汾
百里挑一千里挑一,伯
什么书没有字,天
国内有点变化,主
横看是二竖看也是二,井
秀才砍树,乃
恶狗咬倒吕洞宾,哭
丰富的色彩,艳
自身改革,百
取一半送一半,联
木上长黑点,术
一棵长着五张嘴的树,梧
六一,立
开山种田,画
心口上撒盐,感
树有心眼,想
夕阳西下有美女,要
两人十四个心,德
十件家具,真
一人牵来一匹马,驮
宝玉出走皆因木盟,宋
明天日全食,月
人不要自大,一
一又七分之一,片
小鸟开口叫,鸣
百家姓里排榜眼,钱
池里不见水地上不见土,也
宝贝小口头上开,员
九个口,味
桌椅样样齐备,木
在阳光下成长,星
西方小姐,要
穴内不可告人的秘密,窖
秀才进门把门关,团
舌头添手,扦
谢谢,憾
姊妹兄弟皆列土,管
妈妈,每
酸一半甜一半,酣
云破月来花弄影,能
王者之月不消亡,望
先生从前住西楼,杉
田在心上,思
你和猪,侏
斜月三星洞,心
作文入门,闵
八张口,只
大加称赞,字
南字反方向口字在中央,燕
论长论短莫多言,仑
出手大方,夺
飞来飞去,合
什么舞没有伴,独
外面会说话里面飘雪花,图
一个人发呆,保
包沙包熟包甜,瓠
什么人没有头,入
纵横交错,十
一点水准,淮
羊儿欢喜迎君来,群
七人草下躲,花
你站在女孩身边,好
万里长城,廊
呆子也要人来陪,保
脱下衣裳换围巾,常
三口重重叠莫把品字猜,目
断一半接一半接起来还是断,折
双手掩耳,摄
难免又生是非,堆
酒囊饭袋,胃
解开心结,懈
血盆,唬
风吹钞票满天飞,飘
满口牙齿,啮
十加十不是二十,丰
把手松开,巴
金字塔,鑫
美中不足,关
走上换日头,是
有水比湖大有木香气浓有雨长白斑有草果儿甜,每
最不透风的嘴,哈
分崩离析,棚
小日站在大日上,昌
回收一半,叫
池边枝头显春色,淋
长江断流,工
少女意中人,姻
二女儿,姿
口出国语,哗
写点东西留人间,火
忐无心气做底盘,上
一竖一边一点,卜
镜花水月,觑
骨头上面长根毛,舌
河边相会,湘
一叶扁舟盆上行,盘
上无兄长,歌
一人一半,伴
赛跑冠军,道
十日画一水,洵
重婚女人,替
勿用,甮
重点落实安全,金
老头十分丑,特
一刀劈开草寇头,荆
国王姓白,皇
欧洲人,伯
脸盆里行船,盘
一人一个口不能分开走,合
今有古没有你有我没有他们个个有,人
二水中分白鹭洲,兰
有凤凰而没有孔雀,几
先写百分再写十分,告
有眼看不见,害
闺房女子盖着头,安
人人分工,巫
半遮香扇下东楼,榻
赤诚相处,慎
半写江村对愁眉,深
未曾入门先开口,问
西出阳关无故人,笙
人前人后都要一样,丛
一横隔草木,苿
三人共渡一日游,春
休想再生一枝节,体
都城沐阳光,景
半掩村桥半拂溪,淋
岗位调动,岖
风言风语,讽
良辰美景画中看,田
拔草,早
没有太阳的早晨,辰
上头小下头大,尖
十个豆豆入口,喜
文成武德,斌
什么天没有云,昊
野兔,峁
对人不欺骗,言
边防前线,纺
发霉的米,糗
渭水一别月当空,田
花一半果一半,苗
一马离了西凉界,冯
吴头楚尾,足
人总是有一点错误,仪
小姑居处本无郎,婵
戏又没了,戈
老师领着大动物,狮
一马平川,驯
没有水,潕
开门红,间
根一半叶一半,杏
闺中芳心变,卦
丑,牮
木头砍一刀,本
跑一半退一半,跟
权限集中,邓
元旦出世,腥
千金,钎
我丈夫也,余
三口上下难分,目
去一半留一半,里
百分之九十九,金
一字生的巧四面八只脚,井
吕后藏于草下,营
自投罗网,圄
张大嘴巴进点心,回
屋里无至被水淹,尿
鱼头鱼身蛇尾巴,龟
编,笨
高兴得蒙头转向,举
一人一口一个丁,何
头顶长胸的女子,婆
晚婚晚育,明
月随人移当头照,俏
两棵竹子比天高,笑
保卫国土,堡
万年松,枯
射去一寸无牵挂,身
水边去一去,法
儿童节,音
第一峰,岬
左边随处可见狗骨头,髓
只剩三根胡须的老虎,彪
猜错一半,猎
火箭,矩
青头紫尾为本色,素
台湾有个大美女,始
水堆成山,淼
西边来了个小女孩,要
军人的泪,浑
吞吞吐吐,田
八仙桌下一把刀,分
一边记一边忘,忌
跳出圈子再也直不了,卷
走错了,赵
广寒宫,臀
唐太宗的左眼,眠
尸体下面种庄稼,屎
什么字六个口,吾
猜字谜半个月亮,胖
雄鸡一唱日方生,醒
一个君王,环
妇科一半靠中医,矮
勇敢的心,憨
大恩不言谢,射
柳下避雷雨,榴
枯水河前人影单,何
人中之王,全
日边有月月并肩,明
大河截流,奇
家家户户都有马,驴
母牛,妞
八十一,平
平凡的工作,巩
欧洲妇人,要
一人立于草下,莅
十二点十分,斛
心急火燎,灵
十八乘以六,校
禾苗长得高,稿
一加一等于二,琪
什么灯点不亮,熄
五口人说话,吾
夜半新月挂枝头,季
不染凡间一点尘,几
缺水,泛
两人牵手是知音,天
高手,搞
打雷不下雨,田
窗内的冬天,图
月亮被一分为二了,用
语言不生动,评
水军,浜
人鬼情未了,魅
有土能种庄稼,也
宅女,娴
羚羊散,令
竖心旁,怷
我们取一半,伐
春雨绵绵妻独宿,一
朋友半边不见了,月
十字路口鸟飞过,鸪
羌音打破苍暮声,枪
合十,舍
少了一点良心,恳
牛两头,生
两水十亩田,单
春节三天在厂里,仄
关公千里走单骑,奇
树林下躺着两个小子,禁
如实相告,课
水车千斤重,渐
省人大,一
二十一,甘
提前致富,拨
二人一直在一起,丛
人口控制,谟
三只手,掱
猜字谜六十天,朋
手掌,撑
缺钱啦,钦
人在太阳下,是
大山压在夕阳上,岁
夫妻同心,怂
石头底下尽是水,泵
双枷锁住豹子头,棘
目多两横,且
甲骨文,故
几根木头,机
早起的人,但
三只眼睛,瞐
话说一半,詊
一人口对口,侣
草木丛中站一人,茶
念头,今
秋分春分分先后,香
卢前王后,上
弱智,保
一只羊骑在你身上,羞
屋顶积有雨水,漏
下月进户,肩
一个就够了,不
残花落叶,哗
有位佳人在水一方,汝
三周,昔
什么花无叶,心
鹦鹉学舌,说
动物绕着卵走,蛋
一把刀插在尸体上,尼
十加八,架
寡妇,婵
站了两天,暗
功在改革,勤
木头底下在滴水,杰
幼儿,孙
春一半秋一半,炅
先上去后下来,告
西安一别,酚
一十一不是二,儿
双木非林心相随,想
不上不下不左不右,中
土儿成堆一人搬,佳
十八罗汉一张嘴,杏
米老鼠,籽
三人走马火炎炎,龙
手很白,拍
丝,给
上下左右一条心,愣
前没有后有左没有右有家没有国有弟没有兄有,口
草地上太阳最大,莫
良心少一点,恳
人从宋后少名桧,云
独恋女子,嬉
一匹怪马两张嘴,骂
白头雄心四化志,德
什么海没有水,每
人人走右边,徒
站在狗旁边的人,伏
双双恋人红线牵,缀
石盖一山,击
举手,拉
高头大马,驮
累死了的虫子,螺
左牵黄右擎苍,鸬
室内植物,宋
禁止用刀,此
三鲜面,而
白色世界一把勺,的
开口就错,冈
话说长江,训
壮士被犬欺,状
虚心待人,化
和尚偷情,昵
有人不是你我,也
人攀明月不可得,因
日出,旦
孙行者有耳朵,都
不用手,挽
立在两日旁反而不见光,暗
公字当头寄丹心,突
平易近人,伴
张口结舌,千
失望,恢
一女牵牛过板桥,姓
八千只,积
厚厚的耳朵,邦
一只手的老人,搜
半江半帆心在底,恐
走秀,透
用刀将虫杀死,触
两人陷在泥巴里,坐
三个口不是品,目
两点一直一直两点,慎
开的此弓只一人,夷
舍不得张口,啥
缺钱了,钞
幼苗着火了,秋
浮尸,尿
有手,抽
一心控制人口,恰
二百两,芹
无头乌龟,电
一口马,吗
言来互相尊重,清
二十一日,昔
点心上品,吕
明日落剃光头,肖
树会说话,呆
七一,积
披着羽毛的士兵,翠
人要争先进,欠
打开心门把口开,问
永远不对,错
运动员夺三金,鑫
一十八,本
一根扁担一人抬,大
什么布剪不断,瀑
月亮是方的,肪
甜心,思
人民币,铧
骑在皇帝头上,全
喜上心来,志
东西南北不出头,楞
充公的丝绸,统
东北的土地,墨
茅草屋下纳新人,薪
虫虫是单身,蝉
看完中医游义乌,鸥
我主一心向明月,情
欲上天堂的虫,螳
志在必得,心
向前走莫回头,苟
用上两点力,勇
言而有信可相交,何
永恒的爱情,慎
缺斤少两,欣
分手后的情侣,路
前无古人,舍
千田连土土连田,重
一人一张口,吴
双人过独木桥,丛
舍得用苦心,合
第四页,顶
一粒米,来
家乡话,访
君子动口,摆
两人都让座,庄
前账未清再度赊,欢
皇帝的左脚,蹄
壮士不回妻牵挂,妆
王者之道,璐
又一次清仓,仅
河北来的马,骥
站在里面,童
为人要直,个
家庭复习,扇
兼顾,盼
金字旁边不缺少,钞
五行之首尾相连,钍
抓鸡,擒
止于脚下,趾
台湾有水三点,治
月遮云头,县
真心相爱心相连,想
七个稻草人,花
小白完蛋了,皖
落花无言,射
半桶血,衅
冬天里裹围巾,图
死在衣服旁,袄
出门上街行走,闺
越王的宝贝,购
春后秋前溢芬芳,香
没米下锅,糯
一条小河没有水,可
吃软饭的原因,嫖
台湾始终归一体,弘
好胜之心已消退,姓
又见面了,观
向西飞去,句
牛女人间结姻缘,姝
闹市不见了人,闪
转眼又是岁末,罗
秋天的鱼,鳅
你没有他有天没有地有池中没有水地上没有土,也
失足,跌
一十二点,平
三十个太阳,草
来人就餐,良
人到古稀一朵花,华
积石成山,磊
发现四个大错误,爽
我和太阳,晤
兼职的姑娘,嫌
木字有俩眼,米
什么字千个口,舌
三厂联合产品,磊
永恒的太阳,昶
红一半绿一半,秋
三十天,音
进口产品,吕
西班牙东部,玡
老树,枯
柳梢头黄昏后,梦
十八相送到草桥,荣
半边红半边绿,秋
用刀,角
天下之大,一
明日游宝岛,胎
三头牛叠罗汉,犇
坐在广场上,座
个个油水不沾,笛
二话不说,证
除夕就是岁尾,多
画时圆写时方冬时短夏时长,日
空心,八
一人一张口下面长只手,拿
显示左耳,际
最小的力气,幼
良字去头双人陪,很
曾经最爱的宝贝,赠
愚蠢的人没有心,偶
门虽设而常关,才
白头到老心相连,恬
今天心里很高兴,念
七十尚安步,车
孔子家倒放的锄头被小人偷走了,孙
牛无它不生,一
一人之上万人之下,全
心里总有过不去的门槛,闷
旭曰升空,九
双方一直没分开,串
只有耳朵,职
发了狂地暴走,逛
天生的衰样,囧
女子监狱,囡
三人同日来喜见百花开,春
倒着上山双丰收,彗
日日放高产,暗
待字闺中,娃
人似秋鸿来有信,言
丘山认父,岳
一方名山,岁
五湖四海皆朋友,水
夕阳落在树林下,梦
双人走钢丝,丛
贵宾离席,遗
眉毛眼睛鼻子嘴,答
盲目行动,亡
没有一点主见,现
妇女去插秧,秉
一个尼姑一张嘴,呢
昨日走了,乍
盒装点心,回
雨后残阳,雪
外孙,好
两妖在山中,幽
知道病了,痴
两座小山叠罗汉,出
缺少水资源,沙
什么字八个口,只
姑娘站在家门口,嫁
干旱,沙
口占,讣
楼前只见月当头,梢
三人两小,徐
鱼和羊是兄弟,鲜
路在脚下,各
三人聚花前,芨
春节一日游,夫
四木合一,木
各方配合,咯
火候不到,炊
泉水干旱,白
什么字四个口,田
儿子进监狱,四
客心思归,惫
半青半黄半收成,散
石头太顽皮,破
句号多了可不好,够
灰色的心,恢
山丘边的虫子,蚯
把金子弄丢了,铁
自家女儿心,媳
本人养鸟,鹅
菜田浇水,藩
今天有三点水,冷
在窑洞里面工作,空
又见炊烟升起,欢
燕子空中上下飞,北
这家没有男人,嫁
杜绝是非,桂
中国愤怒了,烨
没有一点错,义
重阳团聚一天,晶
一杆撑双日,甲
负数,歪
从困境中崛起,杏
巴金全集,镯
元首,二
竹林下的毛虫,笔
夕里出头,夂
闭上你的嘴,哈
形单影只等日出,但
穿越到秦朝,臻
看麦子的,俗
你的弓,弥
十二,王
一个女人一张嘴,如
栓,森
方便别人,哽
前头不见玉人来,瑜
空前,穴
一月一礼拜,脂
参天大树,柜
十口之家添一丁,吉
明星双休日,胜
古代的文章,故
小草,薇
只有用一分为二的观点才能人情是非,丰
拿刀割草,节
患有疾病的女子,嫉
劳口不劳心,唠
三十种颜色,艳
两点指示,冷
用刀裁衣服,初
昔日一别心牵挂,芯
黑夜中的尼姑庵,腌
你若无心先自飞,你
停在月亮脑袋上,肯
两个教师合作,筛
又是个十分,对
开放之前去上海,敏
皮衣上有水,波
姑娘有空,娴
丈母娘家的大米缸,粀
佳人走时日已落,封
十二人组成一家,全
你争他抢都有份,人
舌尖上的艺术,呓
一笔生意,牛
非得带头,徘
老天有眼,关
上行下效,哥
用心方明白,董
枝后杜鹃鸣,肢
每人栽树五棵,梧
作茧自缚,纪
睡眠之前,目
竹林深深留僧处,筹
二郎神眨眼睛,晶
湖中捞月,沽
春游二日,大
九只手,扏
心相连,想
共同的田,黄
夏装,袱
机缘各一半,椽
下午参加,驾
八把刀,分
不出户,闪
仓库着火了,炝
压缩机油,柚
弯腰,躬
鸟儿闭眼睛,乌
太阳能照一里地,量
天下无人小当家,示
稻谷多多,移
相逢方一笑,合
半角,用
明月当头天马行,腾
抗战前后,找
幸福含于口中,圉
一户多人,扅
一叹了之,亟
太阳公公,耆
诗庙门前一头牛,特
死于病中,瘁
三只耳朵,聶
冬瓜长虫病重了,疼
咫尺不相见,只
一生受委屈,杜
水里的鱼,渔
十人一日得一口,喳
女尸,妄
有力气走路,边
布衣,丕
烟火熄灭请放心,恩
闲来木也能变心,闷
歪头,不
三个小人,奈
最爱在水上玩耍,熹
留下后患,思
明日动身,月
土边草下人一口,塔
得胜之日,腥
一个九岁的小子,杂
同音不同字,相
一半秋山带夕阳,秽
四人杠根大木头,杰
一叶障目,自
把台湾吞下,囼
今日方到,晗
广无边际只留木,床
一一满足,是
演讲赛,昆
下雨就滑,骨
茅草屋下的公公,蓝
外国的羽毛,翻
长城一轮月,胀
薛家的后代,孽
半个春天,奏
一生勤劳,荤
文字之交,八
曾经的狗,猎
西湖断桥边,淅
江西局部有雨,漏
公墓,坐
永恒的月亮,脉
红中藏在衣服里,衷
欠哥哥的,歌
两个美女并排走,奻
一人守着三亩田,儡
半窗半弦,穹
连山,山
老叶飘零草木枯,世
一旦分离前情断,晴
言语斥责,诉
带头转变作风,丰
又起战争,戏
春阴秋寒,秦
穿着衣服的人,褚
林边兰花草,栏
心死了,忘
洞穴里的狗,突
西边下头请表示,票
塞下归来故国心,域
大嘴亲小嘴,吕
站在井边说话,讲
双不成对留一个,又
同心在前头,豆
醉后出错丢了钱,醋
谷子也戴帽,容
工厂两人进,巫
各自的脚,路
真假各一半,俱
咬掉一口,交
韦小宝被困,围
双方大一点结合,哭
失水即可,河
你我都是白头翁,筹
每逢佳节,侮
节日有鱼,鲁
嘴巴老说话,嗜
把脚包起来,跑
火炬手的职责,热
自己说的话,记
马的雕塑,码
露天作业,显
长足进步,夸
掌管言论,词
初升的太阳,昇
心里没底,思
同样的树,桐
歹徒的刀,死
头儿走了,道
什么情说不出,心
欧洲小姐,要
与火共舞,烘
瓜子换位站一块,孤
入睡之后,梦
工业用水,汞
不曾有黑夜,昶
大得出奇,可
卖炭得钱何所营,裕
请勿挂在口边,吻
手足相连反被抓,捉
会上同心盛况空前,盒
美女落入虎口,囡
却叫明月送将来,脚
早日独立,章
旦夕二分离,名
终点站,乖
人到画中游,佃
弟弟带的竹帽子遮住了头,第
猪毛,笔
多加二笔就亏本,朽
一记耳光,陆
假龙凤真结合,配
点头搀手,拈
恨其把心变,恳
口中还有一口,回
齐白石改姓,碧
阶前芳草不生,防
尚有雄心到白头,徜
十分可怕,慎
给格格平凡,啬
话说巴蜀,训
淮左名都,沛
二十八人齐努力,苏
语言有失心可知,悟
最冷的人,佟
小小太阳玩滑板,旦
一月又一月,用
今日的心情,念
浙东浙西,沂
和嫦娥交朋友,胶
白玉相接玉无暇,皇
愚人节,必
须把曲水引直,顺
室内祭祀,察
千里陪君子,笃
火在嘴角烧胡子却未掉,炽
挥手离去,军
水流花谢两无情,荒
没有一点黑颜色,鸟
两人同坐一条凳,丛
日进一尺,昼
人工搭积木,仝
口中一朵云,囩
人有多少钱,佩
扁担玩自闭,匾
泥做的人,堵
还剩三点水,涂
一寸之刀,刌
东海降雨,霉
草书落款,茗
洪水退去人归来,供
毛巾上画把叉,布
册封后妃,姗
一口一个春卷,圈
沱江水,清
再插两刀,苒
没人偷车,输
牙齿在刀口上,龆
牵头排污水,夸
占字长了脚,点
半打服装,报
一人买米丢八两,伞
人王,全
父女相逢在北京,姣
何旁人尔边站,你
屋内的一方桌,房
退休之前献余热,杰
一对爱侣结同心,怂
改变困境有人帮,保
生病的黄豆,痘
困难之中两相依,休
森林医生,蚀
秋凉月不明,香
恕我无心,如
十分特别,牡
心中只有自家女人,媳
一日西川泪纷飞,酬
细小变动,累
水草不活,茫
枝头梅花春色浓,麓
一直到老,佬
五张口,吾
仁人志无二心,仕
以棍探月,用
一摸一样,筒
摘了穷帽变新貌,办
消灭森林火灾,宋
竖起耳朵说话,陪
一个小呆瓜躲在草底下,葆
金秋离人恋,愁
昨日去了心安定,怎
堆土栽树,桂
上高要小心,惊
西方一星沉,醒
高贵,中
山下两个月亮,崩
热气被土吸走了,垫
第二的心,忆
一寸之口,団
先硬后软,砍
孩子滑头要不得,骸
取语甚至,去
聚才有方,团
小子,孙
九把刀少一把,分
宝岛姐妹,始
一手提包,抱
买卖不出门,闹
少根丝,纱
一人挑担子,大
天口大开月儿现,脵
早上多云,县
次子玩月儿,朊
一人一鼠,仔
陌头人归日落时,附
用手来数,擞
一张黑嘴,嘿
本厂定点设电大,白
拿下,手
放手开拓走出困境,柘
大步走,达
鼓声招来八方人,谷
鸟人飞上月,脊
情若长久终会淡,清
两人最大,天
大有分寸,夺
曾经的人,借
女大方成婚,姻
小月月的鸟,鹏
鲜鱼吃多了,羊
士隐先生从不牛,邗
爱心与奉献,写
火山,灿
点滴积累靠用心,半
水田插秧,油
天天用口说话,误
一点残灯伴夜长,炙
一声令下万箭齐发,谢
太监的金盆痰盂,鉴
医生治病缺水,台
头戴天线小兄弟抬头赏月不愿移,脱
甘肃天水,沗
下雨天的马路,露
流泪出洋相,样
联欢之前她先到,娶
若要无暇玉请君到南阳,琬
父亲戴高帽,交
碟子上的小船,盘
残花入水顺江流,颖
自己家的狗,臭
没有右耳的人,队
心火一上便发愁,禾
院中孤木撑,困
两人走路,徒
湖上月落波不兴,古
多少心血得一言,谧
尺子周围尽是水,浕
市长卡在门中间,闹
虚荣心人皆有之,茶
身披龙袍,袭
缺嘴,吹
抢先发言,拍
止于一人之下,企
西方的土瓦房,甄
十日横空,早
林色入夜幕,梦
下午六时,术
嘴对嘴,吕
像个好男儿,滩
两点十八饿了找它,米
人有差错要检点,仪
下垂的眼睛,睡
清明节前后无雨,晴
车压一心,惠
闭上嘴大笑,哈
石上泉水流,百
两地合作树雄心,佳
柴火蒸蛋,呆
大火烧山山就倒,灵
木工师傅,杢
一减一,工
农夫跳水,浓
酒后犹记曾失言,配
猪八戒嘀咕,该
绝色天下无,红
竹林下的一颗牙,笌
狗嘴,吠
半根禾苗,秚
东西南北路一条,十
手拿两把刀,批
小小羊儿水上漂,羔
口力二字与刀配,别
痴呆的人,保
水面浮尸月相随,脲
还少些车辆,软
首先要真心,兰
日上杆中,申
千里平原,驯
五张嘴一起说话,语
赶车走了,轩
穿了保护衣的水果,裸
主动上门出点子,闰
棋子多棋盘大只能看不能下,星
雪后清道,露
句口变人,勽
十字路四通八达,柬
酉时去世,醉
未来的眼睛,眛
搬出东西存库房,舱
心别急请走好,趋
讨论,讫
方文山没有山,放
妻有儿没有奶有爷没有,女
一栋三层楼只有三尺高,粗
手拿刀灭口,招
说话要全面,调
慎,三
由那边连接,邮
许愿,拿
充足,儿
浦东秋色,铺
石头漂在水面上,泵
逃跑的八戒,逐
什么心不会跳,开
马都累了,骡
三八晚上聚会,萝
半帘月色映残红,腔
如今中国面貌改,玲
生活用水,舌
树上的鸟是瞎子,乌
重臣李斯欲登月,脀
车胎没了气,空
站了一年,靖
十分即一寸,寺
献上心愿,原
倾心分明是知音,脂
带头捐一笔爱心献中国,莹
上一半下一半,卡
五个人的话,语
他答对一半,符
除夕之夜种四草,萝
南山有月光,炭
门内阳光,间
日落时翻山,寻
目送倩人去,睛
一口咬掉多半个,名
山是高昂的头,嵩
一草一木牵着心,荣
秋收之后挂镰刀,利
村前寨后入画中,棵
大干带来新面貌,全
排头兵,挥
歹徒带刀草下藏,茢
白头同心,右
童心,亩
先贱后贵续前姻,婴
笼中人,囚
看守宝贝,赚
两人戏水,沃
方寸之间见人心,咐
一个人也能生育,性
老爸的高帽子,交
耳贴旗杆面向东,陈
为人说话要虚心,伦
有儿有女日子美,好
森林起大火,焚
大漠无水空悲切,莫
单杆放在地两人往里靠,丛
山岳隐约入空中,兵
乞丐要金子,钙
早上站立的狗,獐
辞职之后下海去,洱
特别不喜欢吃面食,靥
双方投资,铝
东风有信无人见,讽
去后且放心,悬
烟火要熄灭,因
十一只羊缺一只,幸
团结亿万姐妹,姚
凡心托给江水流,恐
厂际挂钩搞联合,捱
黄梅时节,零
苦中十移位,苗
丛中的小鸟,茑
勿要出丑,物
非上即下,卡
且就洞庭赊月色,沽
花前月下连日会,萌
山变水变乡貌变,绿
说话虚心,皂
千张口,舌
湖中倒影双人,保
说不清道不明,谜
前言不搭后语,吾
一点闲不住,闭
三月一直你领先,倩
多两点没力,为
北京有个金太阳,景
蚵仔煎,饴
满脸麻子的鬼,魔
湖中倒影一线连,早
虫子胆子真够大狗狗旁边也敢站,独
每天进取一点点,最
两个小孩进树林,禁
人不像人,象
波光水映山侧影,玻
人多一点点,灭
李一半桃一半,林
热气被土地吸走了,执
半解衣裙半带羞,群
美人一去废前盟,盖
吃饭不付钱,饮
来客只住一晚,殡
流连在时装店,裘
一只狗站在四口井中间,器
一物有千口你有我也有,舌
川酒新配方,酬
影片目录,鼎
占用广场,店
战后又相逢,戏
礼貌词语,警
调干,士
金木水火少水木,钬
屋前一人,偓
明日过去无人伴,胖
一刀将人劈开,分
人人有一点,伏
紫花不可依次子丛中戏,芫
十字架上的收音机,章
孤家寡人剩一手,拿
半路断绝联系,络
被奴役的心,怒
势必有点变化,抛
鸟儿几声可悦耳又来花儿扑鼻香,馨
失败之后,贝
为首者先行,道
在太阳上种庄稼,香
被迫放入,邀
麻雀的羽毛,麾
执衣而裁,亵
重阳时节系客心,备
女娃游于东海,洼
直走一半,且
枝头归雁入云端,桧
木头做的巨人,柜
携手并肩月下行,护
大一点变什么,太
我站在两人旁,徐
千古紧相连,舌
垂钓布点各西东,小
九上十下,卆
春节三日坐上客多,众
水上铁路,汞
念念不忘心以碎,今
小刘溺水啦,浏
金色的餐叉,钗
图表合格,回
大江东去故垒西边,沽
阶前朗月下,郎
公公穿在衣中间三滴水儿在左边,滚
用蚕丝来填充,统
纵线三个十大口中间咬,車
日日相比,毗
什么树小,苗
阿波罗,旺
中国进入廿一世纪,革
布上画把叉,希
冬眠的虫子,螅
深情相处左右邻,清
未见爱心一丝添,缓
了字系腰带,子
伸一半缩一半,绅
清除污水大加称赞,夸
金戈铁马写华章,斌
何人去乘船,舸
两个人分手后拜拜,掰
广袤的树林,麻
牵牛银河隔望眼,眚
两人两相依从一而终老,丛
闲着的姑娘,娴
尔独何辜限河梁,姓
春节三日人人团聚,众
拳脚相加,捉
爷爷持扇出户去,翁
一丁一口上下站,哥
两只狗儿不一样并肩在那草下躺,获
大雨下的儿子,霓
火烧了书页,烦
乘机而入,枫
改革家,冢
青石板儿石板青,星
潭前飞瀑,覃
少了尾巴的兔子,免
欲医相思少偏方,短
拿稻草去烧火,揪
嘴里吃多了盐,喊
宝贝口下走水在旁边流,涢
留一半甩一半,电
足球先生,呈
迷宫里的提示语,谜
有匹马儿真稀奇,骑
上海境内,刊
四不相同,米
白首下官归田里,阜
看似八只手实则有两只,扒
鱼仔草下游小刀随鱼走,蓟
三个老头本命年,垚
田间,十
枕边风,枫
单身男子终身未娶老婆,妹
家有妻室,腐
白日鬼依在,魄
有钱又有刀的厂,厕
头上有蓝天地上有虫虫,蚕
早上楼前复习,榻
镜头跟着俏人移,销
台下,口
路旁无足迹,各
野马,驰
一刀架在了腰上,子
调整前后,证
去掉前言后语,政
洛阳城内草飞扬,落
树没了心,村
用羽扇生火炉,户
一木十分长,村
养马户,驴
八只脚,趴
上面正差一笔下面少去一点,步
位于东南方,倍
心上插着刀刃,忍
凭栏望江首,湘
足占左边,跕
轿车行千里,骄
巍巍昆仑,嵩
上八是倒八下八是正八十字在中间饿了就找它,米
吾将北去别伊人,君
洛阳城上青草飘随风起舞终下滑,落
尤氏住京郊,就
不正,歪
狗窝,突
右边站一人,佑
寒时短热时长,日
草原千里连成片,董
排除污水,亏
龙年好开头,娠
只将残梦伴残灯,梦
有言在先寸土不让,诗
马跑山头快不前,缺
一箭射日,申
亏空一笔,窍
得闲出门街边走,桂
人间变了样,閤
县长无着落将心埋于底,悬
土地申诉,坤
平川落雁暗香传,秦
两小无猜感情好一个草帽两人戴,蒜
花前柳畔话勤俭,节
牛角上插把刀,牟
吃一半吐一半,圪
日日相系终为半,畔
食不甘味,辞
到前线大有可为,绮
备字有飞字有操字也有,德
一心只想往上爬,忐
山中变田落于地平线,画
一点一横长小口底下藏,京
独上西楼无言语,梧
若把此字倒过来稳坐第一不难猜,由
此字不难猜孔子猜三天,晶
白云浮在月亮之上,育
幼小无力架草桥,萦
地图上右边的耳朵,陈
向党中央荐才,团
出一半多一半,岁
以棍探日,甲
处心积虑几回成,虎
火烧韦小宝,炜
动一动吧,邑
有人便是,更
十六天,章
自古相思总成欢,喜
枭首独占山,岛
水边两株草,满
阿里巴巴,吧
老员外被困,圆
七十乘六,较
中国人多了一点,金
嘴边有三十个贝壳,喷
凤又出走,几
上天取太阳,最
三力相叠草下躺,荔
树旁有只小黄狗,横
个个不是睁眼瞎,筝
托腮空思意中人,胭
钱被埋在泥土底下,幸
乍眼看去见三兄实则力气大无穷,众
相邀在渡头,湘
骑马奔驰志四方,畸
不过头,木
爱上她之前,妥
如今要主动一点,玲
巧妙配合力无穷,窍
一女站台,始
奉献需要大一点,南
嘴里含玉,国
贵胄抽筋非贵胄,冐
雨下特务,雾
太阳从地平线上升起来的时候月亮正落下,胆
致富之前,室
别人的信手勿拆,诉
皇帝和两个儿子嬉戏,玩
多加多,罗
入伍前曾当和尚,僧
劈山引水,凼
两口子碰面就吵嘴,马
娥皇女英,娆
扣除现金,损
下落不明心牵挂,芯
仙人不见了,山
避孕套太长,吧
金子立刻到,钊
上下都是十两,芹
天外天中间连猜不着也鲜艳,美
鸿江别后口传音,鸣
人和狗一般高,伏
球王逊位,求
分开三个字,树
佳人下台闹革命,鞋
占领十八个林子含包一个在嘴里,桌
竿头,竹
正月里来帽子飞,肯
合着嘴巴笑出声,哈
一点爱心释怨心,宛
说小不小说大不大钉子有柱子没有剪刀有菜刀没有,尖
转动机身,躲
大米青草一起吞,精
一个人头钻进洞里出不来了,贝
韮菜有头有心没有根,菲
敢为天下先,一
竹子下十双眼睛,算
开矿造林相结合,磨
出口一点不谦虚,嗅
只许心儿空想,相
一儿十分小,觥
上不在上下不在下不可在上且宜在下,一
修竹成阴暑日无,箸
收割之后再装车,辖
鱼在卢登堡,鲈
小区飞来一只鸟,鸥
头上戴个鸭舌帽,买
草木枯荣有几存,冗
在水一方巧用电,渑
手裂了一道口子,扣
从娃娃抓起,拗
四人同举包大人,炰
免职后又启用,取
一月生日,腥
早上斜月挂西楼,香
七尺男儿见丹心,汊
空中飞动云,办
两朵夕阳,多
四个人在责骂一条狗,器
妈妈被雨淋了,霉
台下花前少林梦,茗
清明时节二日游,肘
我与女排,娥
把刀和贝壳捆起来,赖
夕阳无限好只是近黄昏,晒
离休之后再留用,佣
稻田着火,秋
王头冒一点其母下面走,毒
咱要贡献大一点,嗅
禁砍林木,示
耳朵着火,耿
一手搬到一座山,扫
脸上带波纹的女人,婆
月亮爸爸没有父亲,肥
太阳照田间,早
歪歪一座山头顶一把刀走起路来摇啊摇,趋
阴阳并举,明
大米最后的归宿,粽
月亮跟着月亮走,朋
未完待续,申
水土相服,坔
天明月隐日高升,昊
打的之前拍长相,拍
一条没日没夜工作的网虫,虹
日落之间不见佳人归,闺
春取头夏取半,麦
明月出海南,璟
时至日落心儿归,忖
两个大老爷们终日玩水,潜
站在两座坟旁边的虫,蛙
无聊到摘去左耳,卯
也在水边,池
儿童有活动场地,境
似人非人靠着衣行,依
眉来眼去心志迷,声
拿木盾挡着却还是被砍掉手,档
金子堆出来的星星,鑫
不好出风头,夙
一月之前抵冀中,胃
站着一个人,位
看似广西郎中,廊
十八扇门,闲
西江灯火残,汀
重逢在观前,双
先代一一入汗青,便
草底下的姑娘生的俏,菇
雷公长劈却无雨,田
差点变黑了,鸟
山东有妖,岆
十一对眼睛,瞒
小土,尘
犹带昭阳日影来,邵
宅在家里的才子,闭
门外站一人,们
月光上楼西,梢
一个女人腰间别着一把弓,姨
生日聚会,星
林子旁边长耳朵,郴
住手,扯
白首只一心,必
雪下过了走,寻
幸福首先团结紧,社
甩掉尾巴,用
立刻被人看扁,骗
识慧心献爱心又树雄心,侵
佛山仙游,弗
枝头残雪已化水,棣
从来分居在江边,巫
最新二鱼玩彩,鲜
讲过后复习,诩
尘土穿透了太阳,里
大口吞小口贝字里边走,圆
两人一起玩滑板,丛
四嘴合一顶高帽,亩
古稀之年不得闲,轩
孙尚香爱上刘皇叔,惫
女儿有弱点,姚
下上一点,卞
一人靠在大树旁,休
白帆半隐,帛
爱上一异乡友,缓
左边是绿右边是红右边怕水左边怕虫,秋
走路去算命,赴
四川瓜不足,爬
介绍人,价
两土妞进门,闺
灾后安稳别着急,秋
下岗之后人相帮,仙
你放心,您
看似有山却无山最喜靠在水身旁,岸
自家的狗偷米,糗
大火底下烧头上冒小草,苂
草地双杆燕分飞,业
点点滴滴儿女关怀,姚
不要栽跟头,根
假日遇雨人未来,霞
看似两张嘴实则有六张,唔
池塘边漂浮着虫子,浊
手工课相碰,扛
大头掉条腿装上一张嘴,右
四张口一颗心,思
残云落月比高低,能
手推两座山,拙
白头聚首两倾心,皆
携手排洪水,拱
江边孤帆系芳心,沛
木质乐器,栎
此地有二货,些
日月相伴,明
三横又三竖半字旁边住,畔
新亲迁走,斤
草地上画把叉,艾
九把刀少两把,切
木制的矛,柔
客心牵动云飘渺,务
亥时得子,孩
二十多一点,甘
全字有俩眼长在最下边,金
会走路的兵马俑不是人,通
没有马骑用牛代,犄
二木有心,想
彼此各取一半,跛
医院大楼平地起,直
心永远停在正中央,忠
先排洪水后建桥,典
水车不得进油库,庙
大火烧了整片林子,焚
日落村头壮士归,将
十八个残疾人,朴
退休之人闲不住,门
双双到前线,缀
大家不熟悉,笙
在风里飞的票,飘
上下互相平行左右勾结,互
天下有个口,吞
一排小朋友个个背着手,非
一个长得很严肃的草包,萧
是谁无言正垂泪,淮
佳人外出芳心动,卦
出字取一半人儿旁边站,仙
青青河畔火光增,淡
有火就会发光有水就会变脏,虫
一吼方休,孔
四方同心朝前奔,腮
长耳兔,聊
日光掠后风微动,影
回首二十载,茴
柳叶绿池边,湄
思想悬念都有它,心
猎犬失踪了一日,获
洗干净一点,冼
明天大扫除部位重安排,胆
十上两点上下串,米
一撇挂在三字上乍看只有寸把长,寿
入上中多一横,吏
竹林下的和尚庙,等
火烧灵柩,爧
竖起旗帜招人来,队
当刮目相看,档
比十高,毕
前线后方共月圆,绢
一寸日光,时
酒后行凶,酗
夕阳日落草上头,茒
摆脱困境靠好友,棚
左脚占据广大面积,踮
一弓双箭急待发,弗
屋下蹲着一只狗,戾
中央顶生草王字旁边靠,瑛
六口紧相连两牙出嘴边,曲
坐滑板的车,连
井在口中间,囲
味道正好,哈
拿刀割禾苗,利
最合心意的字,恰
夹左耳,陕
一边舔一边拉,括
香魂伴随白云去,槐
一人爬至狮子头上,全
山倒在火上面,灵
一个歪着脑袋的大王,任
上大下小合为一二字一去不归来,夵
田里跑到田外不能当作古字猜,叶
篱横竹复处隐隐有人家,篇
第一户,闸
半字一上头草儿顶上走,苹
湖东月隐闻鸪声,沽
天狗食月徒留一边,肰
一抹斜阳清风里,夙
综合门市不清净,闹
工作一贯勤出力,瑾
古时候月亮旁的小虫,蝴
会走路的井,进
不要言之过谦,兼
吕布作古画戟犹存,鄙
鹅飞鸟去永不回,我
入天门而夺天工,闪
下雨了人在树下避雨,漆
弓上二弦草下藏,茀
木头插进太阳里,果
玉树又地震寸木未损,村
眼中噙着珍珠,泪
两口子一个独生子,呵
勿要站在牛旁边,物
赏心一曲存心间,嘈
马儿头顶嘴对嘴,骂
纠正党内不正之风,呕
胶木板,反
一人和木头四人头上走,烋
铁西分行,衔
高字底无口丁往底下走,亭
草头王,蒂
一心依赖实为情,懒
一人加一,全
十日不晚,早
日复一日地钓鱼,鲳
一个呆人在烤火,煲
木人石心,牛
扁舟归去,迥
一女戴帽立于木桌之上,案
口中承诺的未来从未到来,味
两把小火慢慢燃三滴水儿紧紧缠,淡
天边弯月惹相思,短
树雄心挡洪水,供
一座城只有一户人家,扈
岸上林边莺鸟飞,嵘
又见枝头悬露珠,杈
监狱上头长竹子,篮
累得要睡觉,细
一个字两个口下面还有一条狗,哭
初秋一别至今心牵挂,稔
裁衣刀,初
天天不断有人来,佃
除去一半还有一半,途
谈笑不在言语中,炎
个个激情奔放,箔
透草看夕阳,芕
贪财铸成错,昔
买前重点选择,实
长长的毛巾,帐
破格提升工人,贡
二个小人,忝
清清江边留半影一曲红豆醉相思,澧
栽花须除草安分好守贫,货
无可奈何大小去,仁
米撒田上,畨
十字头上太阳照,早
夫人丫头进后仓,倦
画中残月伴三星,思
我困在一个密室里,圄
一只小黑狗不吼也不叫,默
拨草,早
土和草合起来,塔
尽可能再节省点,尺
扔一半,乃
一间房三面墙小孩子在里面,匹
天上有个口,吴
雨中辰光,震
月亮照水水没了,股
疑点有二,凝
两张嘴的马,骂
乌云密布鬼影出没,魂
杂草下有两根棍子担着一个死人,葬
一人手握匕首困于牢房中,囵
村东残雪已化水,浔
十二生肖首尾相连,孩
少女休克,娔
半江明月画中陈,渭
草桥结拜十八载,荣
一横压立白,竡
鸟死藏草下,莺
家中人一口,儫
冬瓜被困,图
穿着迷你裙被人说三道四,谜
少帅,师
原来心上早同意,愿
前头去掉一点点,刖
十八般武艺九样通,杂
会丢人,云
夜去罩湖不见波,古
七个豆腐干两个签签串,拜
念错一点真可惜,怜
门中站着一个人,闪
缠脚布,跑
远山翠竹鸟飞鸣,笞
剪刀丢了,前
林上坐着两口子,槑
仅有一寸大小的太阳,时
九十九个小厂合并,原
二儿子,元
游了北岳去陕西,峡
一旦拥有天长地久,亘
身上有重量日行才一里,量
嘴咬了一根筷子,中
田下一方土,里
地没有地,也
改脚本,未
哨口月落山横卧,当
一人在前牵牛走,件
双数负,懒
日落一曲送出关,遭
一辈子被田束缚的马,骡
多一横走不动,是
景泰蓝,盟
小牛在独木桥赏月,胜
二十与二比大小,槎
一人上书告贪官,倘
昨夜楼头窗半掩,榨
虎头有心,虑
楼头相会两倾心,枇
夏末日中人高卧,复
一口吞个小姑娘,囡
小王肩并肩今天出去玩,琴
多一点能吃少一点能烧,术
人来小亭边停步看竹篮,蓝
三颗真心聚一起真儿两腿却被移,矗
人钻钱眼进班房,囚
对外贸易,咄
双方大改组,哈
十人劳作田里依旧长草,单
提前尝到甜头,括
三把火烧木头旺盛的很,燊
古字戴帽右提刀,刮
昏倒的女子,婚
案上花烛残,蛇
马的嘴巴裂开一道口子,骂
竹叶盖木桶,筞
读它是第三用它属老二,乙
四方相聚在北京,亩
一碗装水日,温
在国内筹集资金,钰
除虫才能丰收,蚌
加人便可成一队,五
字面九点不够圆开口一读方知圆,丸
杜鹃声里日将暮,膜
从前有一个人叫小王,全
再大也被吞进口里,因
动力消耗量减少,云
礼花,葬
贪利最终要出丑,犁
芳草没阶前,防
节约点滴增加产值,俱
塞北冬意无尽头,寒
二人重聚近古稀,辇
年老的女子,姥
手去捞水上漂浮的丸子,热
落红飘零身离去,讨
有帽子不要围巾,冒
可以变大的丝绸,绮
一入西湖见水光,醐
真心相伴意中人,春
语言不通心却相连,悟
自卑的嘴,啤
佘无人顶,示
车内超载一人,辆
人水和一,氽
二白上面站小白,皛
鸟在走路,鹭
人人要助残,俎
有水之源水长流,原
请足下承担,提
千口相结合小刀右边挂,刮
目不瞪口不呆,橙
西边有女,要
心被插了一刀,必
细细针儿嘴上挂,中
太阳顶上三个人,春
爱上属鼠的,孚
鸡鸣之时双鸟飞,叹
园里,元
一个人过七夕,死
好的开端要抓住,挼
左右发言,誩
竹子头下每人一口,答
少了尾巴的兔子有力气,勉
日下一横长里字下边藏,量
诱鼠上钩,孔
太阳顶上插根棍底部却被月亮啃,胄
他也去南京,尒
此室至少可容百人,宿
艇舟隐约浊浪排空,蜓
二心一个字,恣
累得半死的马驹,骡
三颗小石子搭积木,磊
每日一小曲,曹
横竖加起来,男
爱缠绕大人的小女孩,妮
是非不分休多口,堡
百端待举,马
千古牵连刀难割,刮
拿着刀说吉利的话,调
洁白的水,泉
一个字儿有六画四面看去都是它,回
指东话西,诣
一家三口争分两亩田,僵
又到双休人出游,桑
西边有个太阳,晒
清明前后雷雨多,渭
用刀封口避免口角之争,嘴
近山建厂流汗水,岸
挥手告别日来见,晖
尸体覆盖了世界,屉
女优,妯
口上接刀,叨
正少各丢一小点合二为一把字猜,步
八个兄长门中站,阅
双过半,对
优质稻,粮
日本一逃无影踪,杳
植树种草献爱心,荣
踏干溪流成小路,蹊
心无旁骛全神贯注,惯
二小二小头上长草,蒜
志士献身在四方,思
俩妖精困于山中,幽
双手作揖迎贵客,摈
刘邦笑刘备哭,翠
口中容不下木,束
女兵戴着帽,嫔
表面一看话很少实际称它为热闹,吵
草下藏七刀,苆
岁在除夕,山
又小又大的是什么,尖
竹子的童年,笋
舀石灰的勺,的
磅礴大雨一直下小小山儿散了架,雪
狗在草中藏,获
人被砍三刀王在旁边看,珍
一夕一匕首,死
惹事生非爱出头中间出现四张口,申
丢车不认输,俞
是谁后来冒雨到,霍
小手顶上一张嘴三撮草儿帽跟随,掌
女排第一男排第二,好
四嘴合一顶生草左边一嘴紧相靠,喵
嘴儿高高挂尽是巴结话,邑
你要主动一点即使旁人不在,玺
村前寨后春光映,森
三虫于盘子上叠罗汉,蠱
女子拉着马娃娃都爱她从小学说话张口先喊她,妈
一行雁阵上云端,会
甩掉尾巴携手前进,拥
林中少木河必缺水,柯
申尾长长往右钩一刀插过不见断,曳
仕途坎坷人去心来,志
一手抓了两把土,挂
永远立于兄长之上,竞
夜幕降临太阳入土,墓
池无水地无土,也
一毛虫,触
人下十一口左边添一口,啥
从来住在此庄中,座
务必出力摆脱困境,条
泼水节上水尽无,发
多字取一半口字底下站,名
嘴巴有眉毛无,口
一个身后藏刀的恶棍,例
一个神算子,仆
灾后着手补秧苗,揪
双手两边放,掰
小明问小芳一加一是个什么字小芳想了很久没想出来你知道答案吗,王
飘渺薄云舞悠悠女鬼现,魂
小小男娃长得怪大大嘴儿头上盖,兄
走进室内少了十块钱,定
心上的昨天没有阳光,怎
废水利用要推广,泼
去一直去,云
十回合,固
狗头上边长眼睛牛儿不怕旁边站,犑
有雨就有霜没雨不成霜,相
二人相依偎青草底下栖,芙
三加三除了等于六还等于什么,田
一场火灾没了头青青草字顶上走,荧
看起来像太阳读起来像月亮,日
一只哈巴狗趴在洞门口,突
添口非言能代我,吾
十八岁的姑娘被锁深宫,困
两把大火旁边烤大刀不顾留一边,剡
有水能养鱼有土能种树有马能奔跑有人非你我,也
进取一生开拓一生终其一生奉献一生,牛
不是门还是门,扉
三个又字叠罗汉木字在底都不颤,桑
三竖往左弯两日往里靠,甾
冬虫系虫乎,螽
采取措施前后,拖
改革政策个个出,整
拿十块钱买东西,卖
远树两行山倒影轻舟一叶水平流,慧
画中它是圆笔下它为方有它心中暖无它心也凉,日
苦字下十少半横,苫
皇帝的都城,琼
过了几百个世纪的月亮,胡
中间淙淙流分开两边走,衍
左边牛一头站在寺庙口,特
孔子立于山顶,岳
水木火土舍前二,灻
工字旁边两小人沟通天地两袖舞,巫
哥儿三兄弟依次叠罗汉可怜了小三被踩在底下,奈
小小白兔不食草躲在丛中任人找,菟
上两口下两口中间隔着一只狗,器
在一室之上不在她之右,安
横睇直看皆一样,一
人间尤物,优
百无一是自无一是泉水流,白
趋炎附势力未足,热
昏日下雁阵斜一点寒星若现,低
个个参加知识问答,口
草下两口人,茴
口中之口话中有话,回
田边有两棵数,棵
毁誉一言,兴
节前主动献爱心,莹
调整单位结构,果
目睹大禹之尸,瞩
月亮之上立匈奴气度非凡显霸气,胷
七尺男儿堂中坐全民幸福手里握,党
乘二个仍旧一个减十口还有一口,固
二人提前到地头,挫
丁字一张口大字头上走,奇
四面都是墙左边洪水狂冲倒右边墙,汇
小小狗儿两模样偷偷躲在草底下,获
古字戴帽心旁靠,恬
俩个双胞胎一个比一个痴,槑
证人一言不发,企
远望广寒宫月中现佳人思念到永远,脉
一人考试错了四道题,爽
一点一横长米字在身旁要问几在哪往那底下藏,粇
七人齐心到北京,仪
汕头叙别后,涂
广袤的草原有两棵树和一块石,蘑
两人肩并肩站在土上边,坐
茅屋三间中植疏竹两杆,蓝
减竖方称土霸王,竖
放心吧妈妈,兹
烈日下的匈奴张大嘴巴求水,喝
地平线上升起了红太阳,旦
代表月亮的旨意,脂
江边停着一只鸟,鸿
两小孩树边玩耍,标
小鬼落在狗下头二者同呆厂里头,魇
意中人真心不二,但
大字头宝盖腰里面藏个牛魔王,牵
无车用轿迎新娘,娇
一字相貌恶头长两只角生就六张嘴底下八字脚,典
亏盖八顶少一横,兮
小小米一粒有点小脾气赌气把家离不知去哪里,迷
他去也怎把心儿放,作
岩汞合阴阳,矼
饥不择食大口吃食物瞬间无所知,几
羊肉串,丰
上边脑袋小下边肚子大此字会是啥,尖
两根扁担夹太阳清清水儿左边晾,洹
一点一撇长木头底下躺,床
口字缺一块儿二字卡中间儿,月
上推下扔摞一块,携
林中几处有点缀,梵
羊角没有了只剩下眼睛,看
三点水少一点,冰
四围山色入画中,田
旭日南移,旮
九代单传,兀
三人让座位,垃
鬼打鬼,魁
四座山来山对山四个川来川对川四个日字边环套四个口字紧相连,田
震后捐款,赈
多三横是承,氶
野寺荒村后,墅
姐且去弟就来,娣
劳一半休一半,仂
阵前只剩十一人,坠
两心不一勿凑合,惚
羊没尾巴踩着水,羔
穷人分宝贝还是穷,贫
九尾稍长勺往里放,尥
两口之犬,哭
一个右来一个西三间平房东南立,醢
淑女弃汝泪水流,督
小破孩蹲着啃牛尾,先
两个小人手牵手木棍上面齐步走,丛
一心爱十四两人并肩行,德
天黑了月亮却不在,脚
各自拿一根棒子,格
日出青天,晴
玉人挥手抛珠泪,拴
一百毫米,粉
猴子捞月成幻影月亮随即落井边,肼
用心改革鼎力相助,荔
你我在此,些
一点一横长几字在下方小月左边藏,肮
我也需要人来帮,俄
过去是多子为好现在是少生为妙,女
一对明月同升同落,明
一方木头齐人高,保
借债人,妆
一人立于前其叔跟在后,俶
离别后心添烦,恼
一路通两乡乡乡变了样,丝
三加三得几,田
表示漫长的时间,久
总头儿,兑
受戒十八年,械
一只虫儿飞声音格外脆,蝉
虽说有大小却需划等号,奈
新一半旧一半,昕
假日无暇去骑马,倚
老框框,固
一点三横长口字在下方,言
字谜院子中间有一棵树,困
天广地大天安门上红灯挂十月一日来到啦,庆
太阳玩滑板月亮旁边看,胆
一人一狗齐肩并走,伏
火在底下烧大山也会倒,灵
转眼已到植树节,置
两人一女一张嘴,娱
意中只系一人,但
日月相依成双成对,明
太阳高高挂一人宅厂房,昃
看似要把两手分摇首相看泪无痕,掰
闹市不得放烟火,阎
雁阵竹影小窗外,畛
青青春草吹又生日复一日爬上头,菖
晴天无日不开怀,情
两个小人躲猫猫草下二人静悄悄,芢
大车小车车车跑,尖
生产须要配合,颜
工人钻到洞里,空
此字表面长得黑添上眼睛立马飞,乌
月亮挑着一个太阳,明
抛弃前嫌广为团结,廉
旁边有翅膀一飞冲上天,膀
一人一寸高竹在头上摇,符
干活尚需自留心,憩
枝头春光明月来,肢
刀在嘴上跑最终往右靠,叨
割掉羊尾不见血,盖
花开除草午后培,华
好像田里长了草,苗
通力合作走向未来,勇
日日相依,畩
晴日当空映草色,菁
头顶羽毛小士兵年纪轻轻好拼命,翠
小叔眼光低凡事却爱管,督
残灯无焰泪无痕,盯
人言可立,信
耳朵长又长快接近太阳,最
雨落畦头草先生,蕾
一心挂着对方,患
挥手告别欢迎再光临,辉
左边地里种右边炉里生右边使人暖左边饱人肚,秋
一方水养一方人,洽
佳人离去倚木忧伤,桂
沽酒不掺水货真价也实,酤
大马扛着一袋粮,驮
此字生得巧三四都颠倒,泪
人称大王牛在旁,牷
八人口,谷
一物伸不直好听不好吃,曲
淡淡说情话情心空牵挂,清
山卧长桥凌汉上,浸
此字有四画无横也无直老爸见了笑哈哈,父
力争上口始终居下,另
三个太阳少根棍,唱
宋头少了点里木变了米,冞
弱冠之年重相逢,董
树旁站头牛有尾不露头,杵
巴西米,粑
头戴草帽的小孩,茶
禾苗在田中不种可不行,菌
昭君徒步去寻夫君,超
一口吃掉个大冬瓜,图
一往无前马当先,驻
鸟息于树顶,枭
太阳生三子,孴
一人一把火,伙
牧马人放牧,仵
大刀向着鬼子们的头上砍去,暂
某女人生了两个呆头宝贝,樱
壮士被一把匕首杀死,北
独立占头筹,笠
北王府,闱
一走后火称王,灭
门里说话言不外传,阅
田上一棵草小狗守得牢,猫
一字四十八个头当中有水不外流增产粮食兴水利有水灌溉得丰收,井
十对十日对日,菖
猜字谜院子中间有一个人,囚
一横一横长人字在一旁,仁
好一个连体婴儿全身沾着喜气,囍
木字多一撇莫把朱字猜,移
国有家没有回有去没有,口
留一半,田
二人力大顶破天,夫
加一正好得二十,芷
大雨冲倒一座山,雪
夕阳多一点犬字在旁边水在底蔓延,然
十一开口送好运,吉
壁无土木来凑,檗
虽已分开十月又相会,蝴
转业十载又重逢,赫
一字中间有四嘴既有头儿又有尾,申
雷公头上长根草,蕾
惟有夜来归梦,林
多字取一半萝卜靠旁边,外
远山坐落水一方,治
八方打听谋就业,职
立足不退,主
人进山倒右边,亾
木材行,桁
米上加横竖出头,来
演说比赛,皆
花无海,每
富有穷没有里有外没有画有字没有鱼有鸟没有,田
在车后窃听和传话,辑
士兵口上占,吉
一朝改革生机盎然,萌
又坐土上,圣
刀子口上走草在水上游,菬
有钱才是真才能,财
宁丢脑袋保人格,何
工字被水淹了一半,汇
先写了一撇后写了一横,孕
人生离合爱心留,牵
做手术,刑
一点一横梁两边挂铃铛上字颠颠倒人字拉拉长,定
一掌把三人打上天,揍
马沾男儿半边俊,骏
先写十一点再写点十一,幸
颠沛流离终归家,闹
旁边有棵树一不留神撞伤了嘴,梀
仨人好好站两田往里挤,僵
人人做主,往
世上有一字半月才写完,胖
巨石压双虫,螶
刀口对准耳朵,邵
大牛小犊一齐来,牲
意思是在草的右边其实看上去是在草的下面,若
广场里有一个一寸高的人,府
后悔莫及欲说无言,悦
丁字头不猜一,宁
锯木机,几
秋后不必用羽扇,炉
一点一横长口字在中央大口一张嘴几字往里藏,亮
纵横江东不偏不倚,正
高高一举头在上框内一口变成几,亮
来字两眼儿被刺瞎,未
草盖父之光芒,茭
盆中,刀
两把叉,爻
别看土堆儿小风来到处跑,尘
有马能行千里有水能养鱼虾有人不是你我有土能种庄稼,也
头球射进门,闰
梦中夕阳下女子倩影留,婪
一头大来一头小末端锐利最为妙,尖
八个口减五个口,品
两刀靠一起模样却不一一位青铜器一位裹白衣,划
山下推土建厂,崖
几多虚业尽成空,虎
弟弟站在树旁边,梯
一众妇女吵架,哆
水边树映影,淋
虽说一年十二月此时却只剩一月,脌
菜地要锄草,采
上也不是下也不是,卡
苦难之中有人帮,休
菜田除草要提前,播
舌尖上的美玉,国
旧车一一被淘汰,申
千古文化纵横,敌
壮士穿新衣,装
千里相连皎月突现,腫
才进门去,闭
高尖端,京
二十一日酉时生,醋
背上背个药包包,方
决赛前后人争先,资
大嘴对小嘴一线将其穿,串
姑娘反对不正之风,妪
七个人,化
一根会走路的萝卜,赴
山上有一兵断了两条腿,岳
横山桥下又一人,侵
一人靠一人,从
娘子带着女儿回娘家过桥时女儿掉进了河里,浪
明月不见,日
村前寨后转一天,楂
俩人不对整整仨月腰别小刀不让人知,偷
头在海里游泳尾在天上发光,鲁
两座山上面有一具尸体,屈
水中捞月吃苦头,湖
节前动手术,荆
泱泱流水月分明,映
空雷无雨,田
一人拉头牛,件
牛牛多了两条腿,朱
码头岸上巧相遇,岩
带着刀的歹徒,列
我将埋头做贡献,野
老人将放在盒子里的宝刀偷天换日,者
石头堆在七把刀旁,砌
中年服,装
小小老鼠路边逛猫儿在后却未吃,瞎
来一白狗众人远走,臭
一毛两个两个一毛,笔
一虫十八斤,蜥
残暗各一半,殙
前程还靠党中央,和
眼睛底儿长头上春草长,苴
隐约似见马牛羊,朱
要节育,腰
男子胃里有女人心里无,田
乍看有一人数数上万千,亿
西装一套做应酬,州
算卦的人,仆
四方团结全力以赴,男
王家路口一道弯四个小鳖往里钻,馬
伸出手深不见水,探
蛋去虫上踩月,胥
半边甜半边辣,辞
金蛇云下舞,运
子曰少一横,了
双十一又一豆,芆
三尺强弩左右开,粥
一点一横长两点一横底下藏,立
添子固然好还是少生妙,女
三山叠罗汉两山底出头,芔
穿梭在云层的鸟人,会
大口吞小口十字口上走,固
土儿树边靠草往头上跑,荰
一个五分五分一个,笔
月儿并肩走头上顶座山,崩
远离闹市归隐森林,闲
报销一半,捎
八个蚂蚁抬棍棍一个蚂蚁棍上困,六
一半饺子一半玫瑰,效
湖水干涸月影无,古
穿了皮衣的女人站在水边,婆
回扣钱,圆
小羊手握羊肉串羊角却丢了,拜
怕一半钓一半,的
春寒之后到高桥,枣
站一半坐一半,垃
三滴水儿站一旁口儿在右倒一方,汇
倾心前程须回首,颖
勤出力方得食,谨
林中夕阳渐落下,梦
自来水暂断一天,渐
此女爱食米被米压在底,娄
狗在洞中,突
小小弓儿面对面中间小米乐如仙,粥
九溪纵横通八方,染
狗身上长跳骚,独
寺左双人,待
横看直看皆一样,田
無个好人,孬
力大无穷推不走半边皎月依旧留,脇
百人合戴一顶帽,宿
花下分别人呆立,葆
两个小人叠一起一条狼狗左边倚,狳
厂小怕有变化,愿
重山叠嶂月从旁出,胐
喝水口倒干,洁
古代的女子,姑
产后须进补,颜
翠羽惊飞上碧空,碎
二人分庭坐江东甜言蜜语你我侬,诬
方字脸八字胡樱桃小嘴惹人妒,囧
大水之后见丹心,汰
半个月亮爬上来改变不了圆姿态,胖
雾中杏参差,格
天一半地一半,他
将军提锄头,挥
虽是耳朵却不一样,耶
太阳高高挂木头中间插,果
两土供一田,埋
取消竞赛成绩,皆
暑期前后在一起,明
犬中之王,狂
似可非可,叮
丝丝柳影云天下,参
被框起来的田,画
中秋刮风吹走了火柱,和
诚实无话可说,成
一手提刀架口上,招
万元户戴草帽脑袋冒汗,芳
刀刃撒上五滴水一把砍在木头上,梁
左边少点水右边尽是水整体遇火化成水,冰
这就是爱谁也说不清楚,吻
一高一低一头一尾一尊一卑一早一晚,卡
千金方,如
一个人四个叉,爽
一点一横长一搬到南洋城里有个人却只一寸长,府
一人看日出,但
一条狗两只口谁见它都发愁,哭
出手相助重上岗,拙
同一种竹子,筒
今后安心读好书,念
日落牵挂心上人,恩
昆明雨,比
个个参加劳动,竿
负离子发生器,孟
学字当头增见识,觉
耳边有个人,你
大口里面装小口,回
中原地区一好马,驱
人虽离休心一点不离,怵
看上十一口看下二十口猜出这个字笑得难合口,喜
明月当头归心似箭,悄
解去亵衣倚晚照,热
不得夸大一点,污
馨香几度又散失,声
志无心靠人拼,仕
刀切鱼却不离,鱽
夜入潇湘馆,梦
一字有十口,叶
秋收之后是赛一赛,秕
听其中有声音,嘶
瞎眼鸟,乌
星出日落月相随,胜
二人于月亮旁拜天地,肤
高高四层楼耸立在空中,具
两个男人坐在手推车上,撵
横竖一双筷四肢都张开,井
小小月儿也长嘴嘴儿却往头上飞,肙
刘邦闻之喜刘备闻之哭,翠
心门紧闭,闷
缺口被人堵上,尺
闹市已去人休息,闲
月儿有力爬不起春草底下轻轻依,荕
几棵树,机
秃头并,开
田上长出三根苗,畄
自己开口说自己,语
一字真奇怪写出九点来细看只三笔,九
顶着竹篮走的县令,管
湘妃枕前泪水流,箱
洞穴底下藏小羊,窯
宋朝无首草寇称王,荣
一个小矮人只有寸把高头上顶柱子慢慢摇啊摇,符
人忙三月天地暖正逢日,春
舌字无头女在左,姑
小舟挂双帆浪急隐祸灾,患
一边软如纸一边硬如铁软的做鞋穿硬的把墙磊,破
恐龙生活在竹林里,笼
去掉左边是树去掉右边也是树去掉中间还是树,彬
马进门里,闯
太阳照到耳朵边,阳
党员带头伸出援助双手,撑
两根天线口上插有心就在底下见,总
别后登前程,利
一笔不直二笔不曲三笔有直有曲数量单位却很大,亿
一口把人吞口上春草生,苬
站在谷堆边的人,俗
明月上方开了口右边鸟儿不愿走,鹃
字谜一条狗竟有四张嘴,器
三人结伴到陕西,禾
明月升空天上悬,昊
问四个人搬一根木头,杰
弟弟带着斗笠遮住了眼睛,第
云端的鬼,魂
此字生得巧两边为动物一边爱游一边爱叫,鲜
一口一个包子,咆
破帽遮颜,买
两个月亮并肩走一生一世好丽友,朋
自古以来人离不开文化,做
两个小孩戴高帽屁颠屁颠小步跑,踪
雨落在田上,雷
走出困境发展自己,杞
钱财各一半,贱
有车要人抬有人在国外,乔
二人笑呵呵,天
己见反文尾巴小,改
两口一家一匹马,骂
上面一样下面一样,琵
声声管乐绕竹生,笙
扔掉李子摘草莓,梅
四根棍子横竖交叉,井
差一点够一斤,斥
石头广场,矿
一人关入口急得直发抖下边蹬掉底上边顶出头,内
说话过火愈演愈烈,谈
三日相连一家有六口二十在中间能听八首曲一共上下穿,典
老翁无翼言在旁,讼
两月一起行,朋
君子站在羊边上,群
立在冏上,商
山下有快石,岩
鹰鸟飞去一点不见,雁
二人同房喜开天窗,肉
开字顶两点左手分外粘,拼
烈日当头照热却不流汗,执
耒阳来的小毛贼,耗
听说读写耳眼心口,聪
古月在水中,湖
勿念甘苦到白头,甜
游闹市到街心,闺
去一半来一半,未
点落在万字上小人站一旁,仿
一只长着四张嘴的公狗,器
一个长了手的萝卜,扑
三人走在日头上,春
看看下边见上边相相右边瞧左边,目
四嘴合一头顶青草,苗
心中默念低头走,趝
三人龙舟竞渡,巡
刚娶过门的妻子跟人跑了,趣
刚要说却把话埋在心里,悦
有人当官无人当兵,士
洒家一人开怀饮,酒
枕头一对放炕头,焚
减四余二减二余四,园
一人一口加一鸟,鸽
夕阳西下一曲离人调,曹
竹筏正过江,汪
月上柳梢她去也,委
小小牙儿左边站挂个耳朵非正汉,邪
白白手儿一见面突然一下打起来,拍
死鬼站在树旁边,槐
跳蚤围着大米转,糔
半里路,略
九一八直记心怀,杂
小改革带来大变化,灯
在家中排行第二的女孩子,姿
单双数字位中央,五
十口之家均为女相互拥挤窝草下,菇
溪边少女巧打扮,娑
刀刃削月亮独留半边月,肕
上面一对竹下面一撮毛,笔
三个重点放一起,金
明知有病还迷恋,痴
宁生裙钗无男儿,安
脱贫之后心相依,岔
走路数我最内行,衙
水木相接风景好小小太监身边靠,淞
双方前功尽弃,咖
月亮上画把叉,有
十字路口嫦娥路边走,胡
拄着拐杖头顶棍子的太史大人,使
党员高尚处处体现,口
只有多情流水伴人行,泮
秀才割水稻,乃
到哪都有人相伴,倒
工人团结紧紧跟党中央,吴
左右五人,伍
山外有人,示
疏林半隐谈书声,梳
别惊心且莫忧心,就
工字楼,王
一人挤在一寸大的月亮中,胕
门内两堆土,闺
盖下取长耳,冣
一点一横长口字在中央大口不封口小口里面藏,高
男女相亲细细语,诃
一字改二字二字改土字土字扛一根棍日字追上问耳朵才来了顺手就一棍,都
重九再相会,林
口中吐真才,团
打开窗户见月明,盟
左边小两口右边小两口中间隔一页相互不打扰,嚻
班前班后比团结,琵
白断开,臼
执着滴下四滴水,热
张口吃自己,咱
垂泪放低声,湄
一口在上木字在下莫把呆字猜,果
一个小兵没有腿独有一只右耳朵,邱
像曲不是曲长了两条腿,典
三八拔河组,接
兔子身上少一点,免
小六两腿相交叉右边小刀身上挂,刘
正生病了,症
顶上两张口底边几字走,咒
立嫡以长不以贤,竞
长安城边的月亮,胀
应带头露一手,扩
一座亭子一个人,停
双燕落堤前,坐
伯牙载舟听雨声,逾
一点一横长一撇到南洋十字对十字太阳对月亮,庙
猜字谜拔草,早
头顶云天脚踏大地,工
情系西湖心飘渺,清
春无日少一横,夫
两山紧相接不把出字猜,击
戴着草帽的康熙,蒂
三鱼卧钩起新声,心
呱呱落地的孩子不会张口说话,孤
大熊还房贷被迫卖熊掌,能
内行人下基层,贝
土下人民币,幸
巨书犹存著者亡,苣
台上献丑在眼前,眸
蜡笔小新的狗狗在厂里面,原
种草浇水干在前头,萍
一墙之隔太阳找不到里面,量
从古至今君臣均爱小酌一口,酒
古稀之年恋垂钓,轧
十人坐在房间内,闲
山的下面跟踪无足迹,崇
一直心向党中央,忠
以舌取水,活
二人世界也不安恩爱也要打破天,夫
立在里头,童
天气又冷了一点,泠
翻土,干
人在云端漫步,会
一边大来一边小一个爱跑一个爱跳,骚
十厘米,粉
比刁钻还要多一点,习
无尾羊过河,羔
壮汉怕老婆竟然躲在草丛下,荘
三水同时涌,淼
在草丛中办事,苏
二人牵手是夫妻,从
耳边犹听杜鹃鸣,阴
观赏鱼游入北京市政府,鲸
尸体下的十张嘴,居
两个十八岁的小姑娘坐在广场的石头上,磨
两个太阳一张嘴,唱
牛年伊始贴春联,彬
河谷之中不可行,浴
怨字无心鸟飞来,鸳
干到白头人退休,杵
在坑里燃起大火,炕
挖掉苦根翻了身,卉
小六巧用日当头宝盖去点顶上走,冥
井底捞月静悄悄月亮捞上左边靠,肼
两滴水也要争,净
把工资贡献出来,次
松下老翁垂钓钩,札
大王分房总共四床,噩
人家帘幕垂,扉
浊浪排空晨日出,蜃
大人无畏囚禁低姿态慈悲心,恩
天下归心四方统一,因
岁首逢人皆神气,仙
田里种禾苗田外长野草,菌
车胎少了气,轭
手无寸铁空欢喜,控
姑娘投奔意中人,姻
门开着人已去心还在,闷
牛头虎尾紧相接牛儿始终最打眼,先
一颗巴豆从鸡爪上滑下来,爬
开始变动,井
饮料免费尝口水流两行,馋
天月,胃
搬走东西见全貌,舰
被四张口压扁的木头,噪
街边行走解闷散心,闺
没有底的盒却有一个竹盖子,答
无角牛,午
朋友半月不见了,有
女排出手便告捷,婕
一个闲人天地间,仝
遇座让坐站一边,店
悲喜交加,泺
浊水排除清水流,蜻
一人独自亲小嘴,仫
贝壳张嘴,呗
可得分,叮
独桅孤灯船倒影,卡
山上有小丘,岳
此女有一嘴,如
煲好的汤却将水撒土里了,场
左说右道,誩
杜鹃鸣后水田齐,渭
三把刀架在月亮之上,脅
有人带个草帽申请砍他一条手但他还有两个胳膊两条腿,茶
张口伸手私自当头,抬
嘴巴下面挂毛巾,吊
轿车开出到村旁,桥
沈水右边移换汤不换药,沊
一口含十口水在旁边流,涸
竹篮竹子编月亮在旁边,膀
二十四小时莫当日,旦
秋岩半隐日西沉,秽
消除水患一方安定,哨
老公公穿件羽绒服,翁
最好的马,玛
火烧木底,杰
太阳的儿孑,星
向左一直去花前来相会,苟
后羿射下七个太阳,晶
出门无话不说,阅
王戴帽,全
心系天下寸丹心,态
征人一去不见归,歪
王子和白雪公主坐在石头上,碧
东楼少女去西湖,糊
寒星点点去一马奔驰来,骞
两人行得正,征
蝴蝶鸳鸯不分飞,鸾
两人出去四点回来,雨
搂头隐约显秋色,镂
八一六十载,亲
七一直抵花城,库
十三大改革之会团结之会,奉
十一双方皆怀念,喜
文昭关选段,音
五一厂里放影片,彦
五一前夕何宽松,衙
人生上下集,佧
阿里山小吃,饴
爱将余热献光明,熹
爱心几度付流水,沉
爱心寄与笔底情,写
爱友别离又相聚,受
安敢裙钗换男装,宁
安危抛脑后,脆
安下心来读书,今
安心度日,宴
安心平凡工作,恐
安心只为翻了身,总
安阳风光,京
安阳会子,鼹
安阳即景,京
岸,滂
八尺龙头,咫
八尺龙须,荨
八达岭,兵
八方归心,总
八方援助受灾人,熔
八方支援前线,织
八哥,兑
八哥的传说,言
八哥偏心,悦
八哥守门,阅
八哥学舌,说
八卦山之春,根
八角楼旁水相连,淞
八戒大怒,氦
八戒行者随长老,狮
八君子,羌
八骏随天子,玛
八连战士,丘
八千子弟兵,翠
八声甘州,箫
八一纪念,艽
八一南昌迎朝阳,旭
八一起义军旗飘,郊
八一下加二,兰
八月二十三聚会,期
八月十五,钟
八月天气帝王相,朕
八月珠桥江水流,腔
八字桥头水平流,兴
巴山夜雨涨秋池,洲
巴蜀乡音,训
跋前序后,政
白帆半挂依疏柳,棉
白帆一片桅边悬,棉
白鸡,酝
白马河边,浒
白前当归木耳,香
白日依山尽,谟
白首逢春又一年,秽
白首同归,伺
白首偕老同心结,恬
白首雄心向未来,侏
白首一先生,百
白头掉尾格,舌
白头到老记前情,恬
白头到老一甲子,辞
白头的我,矛
白头老干心不老,忏
白头翁,讼
白头翁年届古稀,鸨
白头偕老一直长相安,佬
白头雄心志不移,恁
白头致仕二十载,荏
白云出岫挂两边,抽
白云深处僧寺残,储
百花头上梅初开,晦
摆脱困境获生机,几
办法归纳共五点,劫
半部包公案,构
半窗残月,穹
半窗残月有蛩声,穹
半钩明月钓清溪,心
半江帆影波底月,恐
半角荷池人独立还将分泪哭残花,莅
半帘春色系中原,棉
半帘灯焰暗,宁
半林黄叶露秋色,楮
半绿草色半蓝天,蕴
半是毁誉半奉承,恪
半仙站野外,僮
浜,淬
包公案上下集,构
包头残花落叶末,苟
宝盖头,实
宝玉出走云香私奔,宣
北定中原人归一统,宿
北斗半隐现日月背不明,脂
北斗挂城边,戥
北斗阑干映千帆,悉
北国之春,槊
北市买长鞭,广
北宋亡泪两行,湘
本厂定点生产木偶,麻
匕首文章,刘
必,忍
必定环环不落空,瑟
必由之路路必行,迪
毕业之后,土
毕业之后到浦东,埔
毕业之后到上海,坤
边草无穷日暮,大
边城同心念归人,塔
边防战士的职责,堡
边行边拾,趣
边整边改,政
变项,贡
冰,涸
并非如此,丰
病从口入,痴
波及厂内外,疲
捕鱼为业,衡
不到黄昏梦未成,林
不得到辽西,还
不改初衷,愿
不公不私,么
不过十年,蚴
不计个人得失,佚
不记个人得失,佚
不见有孤舟,舰
不留一手却不容易,摊
不落的太阳,昶
不能细也,奇
不胜惶恐,懒
不受尘埃半点侵,社
不闻不问,踯
不言而喻,皆
不要开口闭口总是钱,钜
不夜天,昶
不重生男重生女,呵
不准抽烟,趿
布下星星火,人
步卒五千,筛
才下眉头却上心头,自
残茶剩饭,板
残花片片落空庭,庇
残花片片如飞雪,皆
残花一片有余香,旨
残阳如血,郝
残叶翻飞落笔端,毡
残月挂樱桃,名
残月照破衣,夜
层峦叠翠,茁
插话,谤
产后须补,颜
产量上去了,厘
产量最高,音
产品实行三包,晶
厂车一点到,库
厂大一点人皆贺,庆
厂方负责,碛
厂方实行责任制,炮
厂方专有,砖
厂房摄影,厢
厂靠翻身业,严
厂里厂外老树连荫,橱
厂里承包先抓点,庖
厂里方便让别人,硬
厂里搞点乡下变样,缠
厂里来了南方友人,硼
厂里来人,仄
厂里没借人,厝
厂里求知点滴增,痴
厂里相思村中幽会,橱
厂里增加出口,呖
厂名变动,矽
厂前流水厂后山,疝
厂前种点草厂里要植林,麻
厂设宁波曲水间,痛
厂要出头必须双增双节,崖
厂要出头全凭干,岸
厂要上去须努力,历
厂长点子好建厂自有方,矿
厂字挂心里,捱
朝觐,现
车八进一,轨
车座前头已换人,输
扯皮当制止,披
尘埃小半上瑶台,珐
尘土不沾水月圆,消
成本一定要下降,未
成方圆,员
成功地有方须盖草,十
诚,慎
吃尽苦头,古
吃苦在前,若
吃苦在前心犹安,惹
吃了面包就不饿,饱
吃在农村,飨
痴,保
池边桃花招蝶舞,滦
池边田头雁阵落,淄
池边叶影动寒蟾,湖
池边月上柳梢头,潸
池边枝头引蝶来,滦
池头定有右军来,浑
赤字,钦
冲出包围圈,韦
出兵前后巧安排,岳
出差整半年,胶
出厂有风紧着衣,褫
出港之前,汕
出工出力出全勤,革
出闺房巧遇一千金,娃
出尽风头犯错误,爻
出口合同变动,咽
出口千言,话
出口丝绳,电
出口纵横皆成章,故
出力就高兴,嘉
出门就打,阀
出门唯闻犬吠声,润
出门闻关关唯觉声孤单,联
出师之前重安排,岿
出头更虚心,吏
除夕迎来一九九五,萝
雏,鹦
楚兵,翠
处处草香暮春时,日
处处都有好姑娘,女
处方唯有半纸传,绺
川里茶花发,葩
川流不息,泳
川流入海潮已平,洲
川水纵横日落时,酬
川为静春波,淀
川中飞雁过横山,肃
窗前月朦胧,穹
创业开始在此日,晋
创业始开头,亚
炊事员,饲
垂泪到天明,漳
垂泪对宫娥,汝
春风送马蹄,杰
春光点点值千金,娄
春光无日晃思夫,一
春节放假三天,人
春来鸟雀恋行云,谜
春秋配,秦
春燕檐前穿户来,鹇
春雨连绵妻独宿,一
春雨润新苗,秦
唇齿相依,呀
此案可排除女性,宋
此策为离间何其不胜来,籁
此地一为偶,些
此二人格外大方,徊
此恨绵绵无绝期,跌
此谜必须隐目格,二
此谜猜它三十天,捐
此谜要猜两天一早上,亘
此木本来一花无,林
此犬不大却能吠,注
此人可靠,何
此人缺乏动力,会
此人生在少林,侍
此日登临曙色开,一
此日巧遇意中人,倡
此日相逢两倾心,昆
此日中流自在行,咱
此生谁吐言,雌
此心到处悠然,攸
此心唯有断云知,怡
此语竟非是,汗
此中意无人会,昙
匆匆人去也,羽
从此后南北一方,囵
从来绝色知难得,纵
从南昌到北京,景
从新布署,睹
村后墓碑前少陵泪涟涟,礴
村中安身,榭
存心有意见,音
寸草沐春晖,莳
寸草沐春晕,莳
寸土不丢保村庄,床
寸土相连永不离,封
达开回广西,矿
打得分明,晴
打虎英雄到江西,淞
打破禁锢突破框框,针
打起黄莺儿,蹄
打樱桃,呈
大白于天下,昌
大部分接受,爱
大材小用小材小用废材不用,秦
大厂用电多一点,庵
大处着手巧构双杀,攀
大大方方,咽
大胆显丑,腥
大地回春,桩
大地沐清辉,脏
大地同春,杜
大地一片白,奢
大斗进小斗出,尖
大方格,咽
大概念,药
大庚岭上暮天低,岁
大旱望云霓,濡
大河奔流,奇
大河奔流带残红,绮
大河奔流近千里,骑
大河奔流向东来,椅
大河奔流雁飞斜,倚
大河边一轮新月,活
大河迂曲群山环抱,甾
大加赞誉,亏
大家搞好团结,庐
大家长寿,筹
大江东去残阳如血,温
大江东去一帆扬,浊
大框框不能破,因
大力能容天下,因
大连天全,一
大乱之后要平反,金
大米转向出口,奥
大面积推广,靥
大明生于东,株
大闹加小框不作回字猜,固
大内格外要留心,恩
大篷车到边防,郓
大庆油田庆油出,奋
大人走来了,子
大赦天下,一
大势已定无须固执,夯
大树临波,渠
大田高禀庆丰年,移
大同石窟旅游点,突
大王偏爱玉无瑕,琥
大王声威震四方,噩
大西北一日,春
大雪压青松,柏
大压不正之风,奁
大业靠人创,亚
大有干头,天
大有可为,奇
等于,互
大丈夫力不从心,思
大针上面顶小针,钎
丹心一点到白头,舟
丹心一点血凝成,盘
丹心一直图为国,匡
旦末净丑,星
当代巾帼,妗
当合格工人,吴
当空皓魄映川流,淝
当前不在一起,米
当前皇上垂危中,原
当前唯有江边月,消
当前一定要安定团结,案
当上运动员,唢
当天处方,晷
当头明月满行舟,逍
当头明月照前程,稍
当头月照远帆归,蛸
当阳道,昙
党内交人要交心,谷
党中央与人民一条心,恩
刀光剑影连千里,验
刀光剑影林边隐,检
刀光剑影入篁林,签
刀下留情,忍
刀下要留心一点,忍
岛,泵
到西郊植树,校
稻,类
得人心者得天下,怂
得胜生还安排宴会,明
灯昏酒泼人半醉,酊
登陆,漓
瞪着眼睛瞧个个都不少,目
地表,坡
地震前后变了样,垄
帝,全
点滴之变成作为,办
点点卯,卵
点心能手招进厂,拓
电大办在河西畔,淹
电杆高竖在山巅,击
电视终日看不见,礼
垫上运动,土
叠罗汉,众
丁原兀立吕布拜倒,呵
丁字帘前是断桥,柠
顶牛,斛
定心丸,卞
丢开个人得失,佚
丢人现眼,火
东北风来冷先围,飞
东床只独看,胥
东方表,柏
东方方才现双星,柬
东方红,株
东方露出鱼肚白,课
东方曙色上枝头,楂
东方一男儿,柯
东风频添相思意,彭
东风指杨柳月下正相思,膨
东海沉落天亦倾,活
东湖双鸳鸯,鹏
东家流水入西邻,沪
东郊田头出孤苗,邮
东京旦暮伴郎君,春
东京一游正值十一,琼
东靠大西洋,渠
东邻可有佳人在,婀
东邻墙头梨花开,都
东林虎影,枫
东流逝水,梳
东楼少女天下绝,来
东南方双方合作,燥
东南西北锁雾中,备
东南西北一般春,楞
东南邹鲁,阳
东内缕缕添相思,彭
